grade_band,grade_codes,classwork_weight,practice_quiz_weight,assignment_weight,chapter_gate_weight,final_weight,passing_grade_percent,minimum_attendance_percent,attendance_notes,template_adjustment,course_format,course_numsections,course_visible,course_groupmode,course_groupmodeforce,course_enablecompletion,course_showgrades,course_showreports,course_template_code,course_template_shortname,visible_after_creation,apply_sections,apply_gradebook,apply_completion_defaults,template_policy_code,certificate_enabled,credential_type,certificate_policy_code,requires_plugin,issue_condition,min_completion_percent,min_grade_percent,expiry_enabled,expiry_months,visible_to_student,certificate_template_code,certificate_template_name,certificate_activity_type,certificate_activity_key,certificate_activity_name,certificate_section_number,certificate_section_name,certificate_download_mode,certificate_verification_enabled,certificate_email_students,certificate_required_minutes,certificate_unlock_activity_key,certificate_filename_pattern,certificate_brand_primary,certificate_brand_accent,certificate_brand_highlight,certificate_notes
G1-G2,STD01|STD02,35,10,30,10,15,40,75,Generated attendance policy from grade-band setup.,Activity-heavy and teacher-guided.,topics,16,1,1,1,1,1,1,TPL_STD01_02_ACTIVITY,MASTER-ALL-GRADES-ALL-SUBJECTS-STD-TEMPLATE,1,1,1,1,PRIMARY_COURSE_COMPLETION_BADGE,1,certificate,PRIMARY_COURSE_COMPLETION_CERT,1,course_completion,100,40,0,,1,DRONA_MODERN_COURSE_COMPLETION,Drona Modern Course Completion Certificate,customcert,course_completion_certificate,Download Course Completion Certificate,15,Certificate & Completion,D,1,0,0,final_project_portfolio,{COURSE_SHORT_NAME}-{FIRST_NAME}-{LAST_NAME}-{ISSUE_DATE},#0B4F71,#F2B705,#E51B23,"Generated Custom Certificate activity with modern A4 landscape PDF, certificate ID and QR verification for every course."
G3-G5,STD03|STD04|STD05,30,15,30,10,15,40,75,Generated attendance policy from grade-band setup.,Primary activity and chapter gate model.,topics,16,1,1,1,1,1,1,TPL_STD03_05_PRIMARY,MASTER-ALL-GRADES-ALL-SUBJECTS-STD-TEMPLATE,1,1,1,1,PRIMARY_COURSE_COMPLETION_BADGE,1,certificate,PRIMARY_COURSE_COMPLETION_CERT,1,course_completion,100,40,0,,1,DRONA_MODERN_COURSE_COMPLETION,Drona Modern Course Completion Certificate,customcert,course_completion_certificate,Download Course Completion Certificate,15,Certificate & Completion,D,1,0,0,final_project_portfolio,{COURSE_SHORT_NAME}-{FIRST_NAME}-{LAST_NAME}-{ISSUE_DATE},#0B4F71,#F2B705,#E51B23,"Generated Custom Certificate activity with modern A4 landscape PDF, certificate ID and QR verification for every course."
G6-G8,STD06|STD07|STD08,20,20,25,15,20,40,75,Generated attendance policy from grade-band setup.,Structured quizzes and projects.,topics,16,1,1,1,1,1,1,TPL_STD06_08_UPPER_PRIMARY,MASTER-ALL-GRADES-ALL-SUBJECTS-STD-TEMPLATE,1,1,1,1,UPPER_PRIMARY_COURSE_COMPLETION_BADGE,1,certificate,UPPER_PRIMARY_COURSE_COMPLETION_CERT,1,course_completion,100,40,0,,1,DRONA_MODERN_COURSE_COMPLETION,Drona Modern Course Completion Certificate,customcert,course_completion_certificate,Download Course Completion Certificate,15,Certificate & Completion,D,1,0,0,final_project_portfolio,{COURSE_SHORT_NAME}-{FIRST_NAME}-{LAST_NAME}-{ISSUE_DATE},#0B4F71,#F2B705,#E51B23,"Generated Custom Certificate activity with modern A4 landscape PDF, certificate ID and QR verification for every course."
G9-G10,STD09|STD10,15,20,25,20,20,40,75,Generated attendance policy from grade-band setup.,Board foundation pattern.,topics,16,1,1,1,1,1,1,TPL_STD09_10_BOARD_FOUNDATION,MASTER-ALL-GRADES-ALL-SUBJECTS-STD-TEMPLATE,1,1,1,1,SECONDARY_COURSE_COMPLETION_CERT,1,certificate,SECONDARY_COURSE_COMPLETION_CERT,1,course_completion,100,40,0,,1,DRONA_MODERN_COURSE_COMPLETION,Drona Modern Course Completion Certificate,customcert,course_completion_certificate,Download Course Completion Certificate,15,Certificate & Completion,D,1,0,0,final_project_portfolio,{COURSE_SHORT_NAME}-{FIRST_NAME}-{LAST_NAME}-{ISSUE_DATE},#0B4F71,#F2B705,#E51B23,"Generated Custom Certificate activity with modern A4 landscape PDF, certificate ID and QR verification for every course."
G11-G12-SCI,STD11_SCI|STD12_SCI,10,25,25,20,20,40,75,Generated attendance policy from grade-band setup.,Higher secondary science stream pattern.,topics,16,1,1,1,1,1,1,TPL_STD11_12_SCIENCE,MASTER-ALL-GRADES-ALL-SUBJECTS-STD-TEMPLATE,1,1,1,1,HIGHER_SECONDARY_COURSE_COMPLETION_CERT,1,certificate,HIGHER_SECONDARY_COURSE_COMPLETION_CERT,1,course_completion,100,40,0,,1,DRONA_MODERN_COURSE_COMPLETION,Drona Modern Course Completion Certificate,customcert,course_completion_certificate,Download Course Completion Certificate,15,Certificate & Completion,D,1,0,0,final_project_portfolio,{COURSE_SHORT_NAME}-{FIRST_NAME}-{LAST_NAME}-{ISSUE_DATE},#0B4F71,#F2B705,#E51B23,"Generated Custom Certificate activity with modern A4 landscape PDF, certificate ID and QR verification for every course."
G11-G12-COM,STD11_COM|STD12_COM,10,25,25,20,20,40,75,Generated attendance policy from grade-band setup.,Higher secondary commerce stream pattern.,topics,16,1,1,1,1,1,1,TPL_STD11_12_COMMERCE,MASTER-ALL-GRADES-ALL-SUBJECTS-STD-TEMPLATE,1,1,1,1,HIGHER_SECONDARY_COURSE_COMPLETION_CERT,1,certificate,HIGHER_SECONDARY_COURSE_COMPLETION_CERT,1,course_completion,100,40,0,,1,DRONA_MODERN_COURSE_COMPLETION,Drona Modern Course Completion Certificate,customcert,course_completion_certificate,Download Course Completion Certificate,15,Certificate & Completion,D,1,0,0,final_project_portfolio,{COURSE_SHORT_NAME}-{FIRST_NAME}-{LAST_NAME}-{ISSUE_DATE},#0B4F71,#F2B705,#E51B23,"Generated Custom Certificate activity with modern A4 landscape PDF, certificate ID and QR verification for every course."
G11-G12-ARTS,STD11_ARTS|STD12_ARTS,10,25,25,20,20,40,75,Generated attendance policy from grade-band setup.,Higher secondary arts stream pattern.,topics,16,1,1,1,1,1,1,TPL_STD11_12_ARTS,MASTER-ALL-GRADES-ALL-SUBJECTS-STD-TEMPLATE,1,1,1,1,HIGHER_SECONDARY_COURSE_COMPLETION_CERT,1,certificate,HIGHER_SECONDARY_COURSE_COMPLETION_CERT,1,course_completion,100,40,0,,1,DRONA_MODERN_COURSE_COMPLETION,Drona Modern Course Completion Certificate,customcert,course_completion_certificate,Download Course Completion Certificate,15,Certificate & Completion,D,1,0,0,final_project_portfolio,{COURSE_SHORT_NAME}-{FIRST_NAME}-{LAST_NAME}-{ISSUE_DATE},#0B4F71,#F2B705,#E51B23,"Generated Custom Certificate activity with modern A4 landscape PDF, certificate ID and QR verification for every course."
G11-G12,STD11|STD12,10,25,25,20,20,40,75,Generated attendance policy from grade-band setup.,Higher secondary default stream pattern.,topics,16,1,1,1,1,1,1,TPL_STD11_12_ARTS,MASTER-ALL-GRADES-ALL-SUBJECTS-STD-TEMPLATE,1,1,1,1,HIGHER_SECONDARY_COURSE_COMPLETION_CERT,1,certificate,HIGHER_SECONDARY_COURSE_COMPLETION_CERT,1,course_completion,100,40,0,,1,DRONA_MODERN_COURSE_COMPLETION,Drona Modern Course Completion Certificate,customcert,course_completion_certificate,Download Course Completion Certificate,15,Certificate & Completion,D,1,0,0,final_project_portfolio,{COURSE_SHORT_NAME}-{FIRST_NAME}-{LAST_NAME}-{ISSUE_DATE},#0B4F71,#F2B705,#E51B23,"Generated Custom Certificate activity with modern A4 landscape PDF, certificate ID and QR verification for every course."
ALL,ALL,20,20,25,15,20,40,75,Generated fallback attendance policy from grade-band setup.,Generic fallback policy for any grade not matched by a specific row.,topics,16,1,1,1,1,1,1,TPL_STANDARD_FALLBACK,MASTER-ALL-GRADES-ALL-SUBJECTS-STD-TEMPLATE,1,1,1,1,STANDARD_COURSE_COMPLETION_CERT,1,certificate,STANDARD_COURSE_COMPLETION_CERT,1,course_completion,100,40,0,,1,DRONA_MODERN_COURSE_COMPLETION,Drona Modern Course Completion Certificate,customcert,course_completion_certificate,Download Course Completion Certificate,15,Certificate & Completion,D,1,0,0,final_project_portfolio,{COURSE_SHORT_NAME}-{FIRST_NAME}-{LAST_NAME}-{ISSUE_DATE},#0B4F71,#F2B705,#E51B23,"Generated Custom Certificate activity with modern A4 landscape PDF, certificate ID and QR verification for fallback grade scopes."
