username,role_shortname,context_type,context_identifier,notes
trustee.patel,trustee_manager,category,DRONA_TRUST,Trust-level management access.
principal.sharma,principal,category,DRONA_TRUST_GSEB_DPS,School principal access.
it.coordinator,manager,category,DRONA_TRUST_GSEB_DPS,IT coordinator category manager access.
dps.tch.guj.guj,editingteacher,course,DPS-GSEB-GUJ-STD01-GEN-GUJ-2026,Subject teacher for DPS-GSEB-GUJ-STD01-GEN-GUJ-26.
dps.tch.guj.hin,editingteacher,course,DPS-GSEB-GUJ-STD01-GEN-HIN-2026,Subject teacher for DPS-GSEB-GUJ-STD01-GEN-HIN-26.
dps.tch.guj.eng,editingteacher,course,DPS-GSEB-GUJ-STD01-GEN-ENG-2026,Subject teacher for DPS-GSEB-GUJ-STD01-GEN-ENG-26.
dps.tch.guj.math,editingteacher,course,DPS-GSEB-GUJ-STD01-GEN-MATH-2026,Subject teacher for DPS-GSEB-GUJ-STD01-GEN-MATH-26.
dps.tch.guj.evs,editingteacher,course,DPS-GSEB-GUJ-STD01-GEN-EVS-2026,Subject teacher for DPS-GSEB-GUJ-STD01-GEN-EVS-26.
dps.tch.guj.art,editingteacher,course,DPS-GSEB-GUJ-STD01-GEN-ART-2026,Subject teacher for DPS-GSEB-GUJ-STD01-GEN-ART-26.
dps.tch.guj.pe,editingteacher,course,DPS-GSEB-GUJ-STD01-GEN-PE-2026,Subject teacher for DPS-GSEB-GUJ-STD01-GEN-PE-26.
dps.tch.guj.guj,editingteacher,course,DPS-GSEB-GUJ-STD02-GEN-GUJ-2026,Subject teacher for DPS-GSEB-GUJ-STD02-GEN-GUJ-26.
dps.tch.guj.hin,editingteacher,course,DPS-GSEB-GUJ-STD02-GEN-HIN-2026,Subject teacher for DPS-GSEB-GUJ-STD02-GEN-HIN-26.
dps.tch.guj.eng,editingteacher,course,DPS-GSEB-GUJ-STD02-GEN-ENG-2026,Subject teacher for DPS-GSEB-GUJ-STD02-GEN-ENG-26.
dps.tch.guj.math,editingteacher,course,DPS-GSEB-GUJ-STD02-GEN-MATH-2026,Subject teacher for DPS-GSEB-GUJ-STD02-GEN-MATH-26.
dps.tch.guj.evs,editingteacher,course,DPS-GSEB-GUJ-STD02-GEN-EVS-2026,Subject teacher for DPS-GSEB-GUJ-STD02-GEN-EVS-26.
dps.tch.guj.art,editingteacher,course,DPS-GSEB-GUJ-STD02-GEN-ART-2026,Subject teacher for DPS-GSEB-GUJ-STD02-GEN-ART-26.
dps.tch.guj.pe,editingteacher,course,DPS-GSEB-GUJ-STD02-GEN-PE-2026,Subject teacher for DPS-GSEB-GUJ-STD02-GEN-PE-26.
dps.tch.guj.guj,editingteacher,course,DPS-GSEB-GUJ-STD03-GEN-GUJ-2026,Subject teacher for DPS-GSEB-GUJ-STD03-GEN-GUJ-26.
dps.tch.guj.hin,editingteacher,course,DPS-GSEB-GUJ-STD03-GEN-HIN-2026,Subject teacher for DPS-GSEB-GUJ-STD03-GEN-HIN-26.
dps.tch.guj.eng,editingteacher,course,DPS-GSEB-GUJ-STD03-GEN-ENG-2026,Subject teacher for DPS-GSEB-GUJ-STD03-GEN-ENG-26.
dps.tch.guj.math,editingteacher,course,DPS-GSEB-GUJ-STD03-GEN-MATH-2026,Subject teacher for DPS-GSEB-GUJ-STD03-GEN-MATH-26.
dps.tch.guj.evs,editingteacher,course,DPS-GSEB-GUJ-STD03-GEN-EVS-2026,Subject teacher for DPS-GSEB-GUJ-STD03-GEN-EVS-26.
dps.tch.guj.art,editingteacher,course,DPS-GSEB-GUJ-STD03-GEN-ART-2026,Subject teacher for DPS-GSEB-GUJ-STD03-GEN-ART-26.
dps.tch.guj.pe,editingteacher,course,DPS-GSEB-GUJ-STD03-GEN-PE-2026,Subject teacher for DPS-GSEB-GUJ-STD03-GEN-PE-26.
dps.tch.guj.guj,editingteacher,course,DPS-GSEB-GUJ-STD04-GEN-GUJ-2026,Subject teacher for DPS-GSEB-GUJ-STD04-GEN-GUJ-26.
dps.tch.guj.hin,editingteacher,course,DPS-GSEB-GUJ-STD04-GEN-HIN-2026,Subject teacher for DPS-GSEB-GUJ-STD04-GEN-HIN-26.
dps.tch.guj.eng,editingteacher,course,DPS-GSEB-GUJ-STD04-GEN-ENG-2026,Subject teacher for DPS-GSEB-GUJ-STD04-GEN-ENG-26.
dps.tch.guj.math,editingteacher,course,DPS-GSEB-GUJ-STD04-GEN-MATH-2026,Subject teacher for DPS-GSEB-GUJ-STD04-GEN-MATH-26.
dps.tch.guj.evs,editingteacher,course,DPS-GSEB-GUJ-STD04-GEN-EVS-2026,Subject teacher for DPS-GSEB-GUJ-STD04-GEN-EVS-26.
dps.tch.guj.art,editingteacher,course,DPS-GSEB-GUJ-STD04-GEN-ART-2026,Subject teacher for DPS-GSEB-GUJ-STD04-GEN-ART-26.
dps.tch.guj.pe,editingteacher,course,DPS-GSEB-GUJ-STD04-GEN-PE-2026,Subject teacher for DPS-GSEB-GUJ-STD04-GEN-PE-26.
dps.tch.guj.guj,editingteacher,course,DPS-GSEB-GUJ-STD05-GEN-GUJ-2026,Subject teacher for DPS-GSEB-GUJ-STD05-GEN-GUJ-26.
dps.tch.guj.hin,editingteacher,course,DPS-GSEB-GUJ-STD05-GEN-HIN-2026,Subject teacher for DPS-GSEB-GUJ-STD05-GEN-HIN-26.
dps.tch.guj.eng,editingteacher,course,DPS-GSEB-GUJ-STD05-GEN-ENG-2026,Subject teacher for DPS-GSEB-GUJ-STD05-GEN-ENG-26.
dps.tch.guj.math,editingteacher,course,DPS-GSEB-GUJ-STD05-GEN-MATH-2026,Subject teacher for DPS-GSEB-GUJ-STD05-GEN-MATH-26.
dps.tch.guj.evs,editingteacher,course,DPS-GSEB-GUJ-STD05-GEN-EVS-2026,Subject teacher for DPS-GSEB-GUJ-STD05-GEN-EVS-26.
dps.tch.guj.art,editingteacher,course,DPS-GSEB-GUJ-STD05-GEN-ART-2026,Subject teacher for DPS-GSEB-GUJ-STD05-GEN-ART-26.
dps.tch.guj.pe,editingteacher,course,DPS-GSEB-GUJ-STD05-GEN-PE-2026,Subject teacher for DPS-GSEB-GUJ-STD05-GEN-PE-26.
dps.tch.guj.guj,editingteacher,course,DPS-GSEB-GUJ-STD06-GEN-GUJ-2026,Subject teacher for DPS-GSEB-GUJ-STD06-GEN-GUJ-26.
dps.tch.guj.hin,editingteacher,course,DPS-GSEB-GUJ-STD06-GEN-HIN-2026,Subject teacher for DPS-GSEB-GUJ-STD06-GEN-HIN-26.
dps.tch.guj.eng,editingteacher,course,DPS-GSEB-GUJ-STD06-GEN-ENG-2026,Subject teacher for DPS-GSEB-GUJ-STD06-GEN-ENG-26.
dps.tch.guj.math,editingteacher,course,DPS-GSEB-GUJ-STD06-GEN-MATH-2026,Subject teacher for DPS-GSEB-GUJ-STD06-GEN-MATH-26.
dps.tch.guj.sci,editingteacher,course,DPS-GSEB-GUJ-STD06-GEN-SCI-2026,Subject teacher for DPS-GSEB-GUJ-STD06-GEN-SCI-26.
dps.tch.guj.ss,editingteacher,course,DPS-GSEB-GUJ-STD06-GEN-SS-2026,Subject teacher for DPS-GSEB-GUJ-STD06-GEN-SS-26.
dps.tch.guj.cs,editingteacher,course,DPS-GSEB-GUJ-STD06-GEN-CS-2026,Subject teacher for DPS-GSEB-GUJ-STD06-GEN-CS-26.
dps.tch.guj.art,editingteacher,course,DPS-GSEB-GUJ-STD06-GEN-ART-2026,Subject teacher for DPS-GSEB-GUJ-STD06-GEN-ART-26.
dps.tch.guj.pe,editingteacher,course,DPS-GSEB-GUJ-STD06-GEN-PE-2026,Subject teacher for DPS-GSEB-GUJ-STD06-GEN-PE-26.
dps.tch.guj.guj,editingteacher,course,DPS-GSEB-GUJ-STD07-GEN-GUJ-2026,Subject teacher for DPS-GSEB-GUJ-STD07-GEN-GUJ-26.
dps.tch.guj.hin,editingteacher,course,DPS-GSEB-GUJ-STD07-GEN-HIN-2026,Subject teacher for DPS-GSEB-GUJ-STD07-GEN-HIN-26.
dps.tch.guj.eng,editingteacher,course,DPS-GSEB-GUJ-STD07-GEN-ENG-2026,Subject teacher for DPS-GSEB-GUJ-STD07-GEN-ENG-26.
dps.tch.guj.math,editingteacher,course,DPS-GSEB-GUJ-STD07-GEN-MATH-2026,Subject teacher for DPS-GSEB-GUJ-STD07-GEN-MATH-26.
dps.tch.guj.sci,editingteacher,course,DPS-GSEB-GUJ-STD07-GEN-SCI-2026,Subject teacher for DPS-GSEB-GUJ-STD07-GEN-SCI-26.
dps.tch.guj.ss,editingteacher,course,DPS-GSEB-GUJ-STD07-GEN-SS-2026,Subject teacher for DPS-GSEB-GUJ-STD07-GEN-SS-26.
dps.tch.guj.cs,editingteacher,course,DPS-GSEB-GUJ-STD07-GEN-CS-2026,Subject teacher for DPS-GSEB-GUJ-STD07-GEN-CS-26.
dps.tch.guj.art,editingteacher,course,DPS-GSEB-GUJ-STD07-GEN-ART-2026,Subject teacher for DPS-GSEB-GUJ-STD07-GEN-ART-26.
dps.tch.guj.pe,editingteacher,course,DPS-GSEB-GUJ-STD07-GEN-PE-2026,Subject teacher for DPS-GSEB-GUJ-STD07-GEN-PE-26.
dps.tch.guj.guj,editingteacher,course,DPS-GSEB-GUJ-STD08-GEN-GUJ-2026,Subject teacher for DPS-GSEB-GUJ-STD08-GEN-GUJ-26.
dps.tch.guj.hin,editingteacher,course,DPS-GSEB-GUJ-STD08-GEN-HIN-2026,Subject teacher for DPS-GSEB-GUJ-STD08-GEN-HIN-26.
dps.tch.guj.eng,editingteacher,course,DPS-GSEB-GUJ-STD08-GEN-ENG-2026,Subject teacher for DPS-GSEB-GUJ-STD08-GEN-ENG-26.
dps.tch.guj.math,editingteacher,course,DPS-GSEB-GUJ-STD08-GEN-MATH-2026,Subject teacher for DPS-GSEB-GUJ-STD08-GEN-MATH-26.
dps.tch.guj.sci,editingteacher,course,DPS-GSEB-GUJ-STD08-GEN-SCI-2026,Subject teacher for DPS-GSEB-GUJ-STD08-GEN-SCI-26.
dps.tch.guj.ss,editingteacher,course,DPS-GSEB-GUJ-STD08-GEN-SS-2026,Subject teacher for DPS-GSEB-GUJ-STD08-GEN-SS-26.
dps.tch.guj.cs,editingteacher,course,DPS-GSEB-GUJ-STD08-GEN-CS-2026,Subject teacher for DPS-GSEB-GUJ-STD08-GEN-CS-26.
dps.tch.guj.art,editingteacher,course,DPS-GSEB-GUJ-STD08-GEN-ART-2026,Subject teacher for DPS-GSEB-GUJ-STD08-GEN-ART-26.
dps.tch.guj.pe,editingteacher,course,DPS-GSEB-GUJ-STD08-GEN-PE-2026,Subject teacher for DPS-GSEB-GUJ-STD08-GEN-PE-26.
dps.tch.guj.guj,editingteacher,course,DPS-GSEB-GUJ-STD09-GEN-GUJ-2026,Subject teacher for DPS-GSEB-GUJ-STD09-GEN-GUJ-26.
dps.tch.guj.hin,editingteacher,course,DPS-GSEB-GUJ-STD09-GEN-HIN-2026,Subject teacher for DPS-GSEB-GUJ-STD09-GEN-HIN-26.
dps.tch.guj.eng,editingteacher,course,DPS-GSEB-GUJ-STD09-GEN-ENG-2026,Subject teacher for DPS-GSEB-GUJ-STD09-GEN-ENG-26.
dps.tch.guj.math,editingteacher,course,DPS-GSEB-GUJ-STD09-GEN-MATH-2026,Subject teacher for DPS-GSEB-GUJ-STD09-GEN-MATH-26.
dps.tch.guj.sci,editingteacher,course,DPS-GSEB-GUJ-STD09-GEN-SCI-2026,Subject teacher for DPS-GSEB-GUJ-STD09-GEN-SCI-26.
dps.tch.guj.ss,editingteacher,course,DPS-GSEB-GUJ-STD09-GEN-SS-2026,Subject teacher for DPS-GSEB-GUJ-STD09-GEN-SS-26.
dps.tch.guj.cs,editingteacher,course,DPS-GSEB-GUJ-STD09-GEN-CS-2026,Subject teacher for DPS-GSEB-GUJ-STD09-GEN-CS-26.
dps.tch.guj.pe,editingteacher,course,DPS-GSEB-GUJ-STD09-GEN-PE-2026,Subject teacher for DPS-GSEB-GUJ-STD09-GEN-PE-26.
dps.tch.guj.guj,editingteacher,course,DPS-GSEB-GUJ-STD10-GEN-GUJ-2026,Subject teacher for DPS-GSEB-GUJ-STD10-GEN-GUJ-26.
dps.tch.guj.hin,editingteacher,course,DPS-GSEB-GUJ-STD10-GEN-HIN-2026,Subject teacher for DPS-GSEB-GUJ-STD10-GEN-HIN-26.
dps.tch.guj.eng,editingteacher,course,DPS-GSEB-GUJ-STD10-GEN-ENG-2026,Subject teacher for DPS-GSEB-GUJ-STD10-GEN-ENG-26.
dps.tch.guj.math,editingteacher,course,DPS-GSEB-GUJ-STD10-GEN-MATH-2026,Subject teacher for DPS-GSEB-GUJ-STD10-GEN-MATH-26.
dps.tch.guj.sci,editingteacher,course,DPS-GSEB-GUJ-STD10-GEN-SCI-2026,Subject teacher for DPS-GSEB-GUJ-STD10-GEN-SCI-26.
dps.tch.guj.ss,editingteacher,course,DPS-GSEB-GUJ-STD10-GEN-SS-2026,Subject teacher for DPS-GSEB-GUJ-STD10-GEN-SS-26.
dps.tch.guj.cs,editingteacher,course,DPS-GSEB-GUJ-STD10-GEN-CS-2026,Subject teacher for DPS-GSEB-GUJ-STD10-GEN-CS-26.
dps.tch.guj.pe,editingteacher,course,DPS-GSEB-GUJ-STD10-GEN-PE-2026,Subject teacher for DPS-GSEB-GUJ-STD10-GEN-PE-26.
dps.tch.guj.eng,editingteacher,course,DPS-GSEB-GUJ-STD11-SCI-ENG-2026,Subject teacher for DPS-GSEB-GUJ-STD11-SCI-ENG-26.
dps.tch.guj.phy,editingteacher,course,DPS-GSEB-GUJ-STD11-SCI-PHY-2026,Subject teacher for DPS-GSEB-GUJ-STD11-SCI-PHY-26.
dps.tch.guj.chem,editingteacher,course,DPS-GSEB-GUJ-STD11-SCI-CHEM-2026,Subject teacher for DPS-GSEB-GUJ-STD11-SCI-CHEM-26.
dps.tch.guj.bio,editingteacher,course,DPS-GSEB-GUJ-STD11-SCI-BIO-2026,Subject teacher for DPS-GSEB-GUJ-STD11-SCI-BIO-26.
dps.tch.guj.math,editingteacher,course,DPS-GSEB-GUJ-STD11-SCI-MATH-2026,Subject teacher for DPS-GSEB-GUJ-STD11-SCI-MATH-26.
dps.tch.guj.cs,editingteacher,course,DPS-GSEB-GUJ-STD11-SCI-CS-2026,Subject teacher for DPS-GSEB-GUJ-STD11-SCI-CS-26.
dps.tch.guj.pe,editingteacher,course,DPS-GSEB-GUJ-STD11-SCI-PE-2026,Subject teacher for DPS-GSEB-GUJ-STD11-SCI-PE-26.
dps.tch.guj.eng,editingteacher,course,DPS-GSEB-GUJ-STD11-COM-ENG-2026,Subject teacher for DPS-GSEB-GUJ-STD11-COM-ENG-26.
dps.tch.guj.acc,editingteacher,course,DPS-GSEB-GUJ-STD11-COM-ACC-2026,Subject teacher for DPS-GSEB-GUJ-STD11-COM-ACC-26.
dps.tch.guj.ba,editingteacher,course,DPS-GSEB-GUJ-STD11-COM-BA-2026,Subject teacher for DPS-GSEB-GUJ-STD11-COM-BA-26.
dps.tch.guj.eco,editingteacher,course,DPS-GSEB-GUJ-STD11-COM-ECO-2026,Subject teacher for DPS-GSEB-GUJ-STD11-COM-ECO-26.
dps.tch.guj.stat,editingteacher,course,DPS-GSEB-GUJ-STD11-COM-STAT-2026,Subject teacher for DPS-GSEB-GUJ-STD11-COM-STAT-26.
dps.tch.guj.cs,editingteacher,course,DPS-GSEB-GUJ-STD11-COM-CS-2026,Subject teacher for DPS-GSEB-GUJ-STD11-COM-CS-26.
dps.tch.guj.pe,editingteacher,course,DPS-GSEB-GUJ-STD11-COM-PE-2026,Subject teacher for DPS-GSEB-GUJ-STD11-COM-PE-26.
dps.tch.guj.eng,editingteacher,course,DPS-GSEB-GUJ-STD11-ARTS-ENG-2026,Subject teacher for DPS-GSEB-GUJ-STD11-ARTS-ENG-26.
dps.tch.guj.hist,editingteacher,course,DPS-GSEB-GUJ-STD11-ARTS-HIST-2026,Subject teacher for DPS-GSEB-GUJ-STD11-ARTS-HIST-26.
dps.tch.guj.geo,editingteacher,course,DPS-GSEB-GUJ-STD11-ARTS-GEO-2026,Subject teacher for DPS-GSEB-GUJ-STD11-ARTS-GEO-26.
dps.tch.guj.polsci,editingteacher,course,DPS-GSEB-GUJ-STD11-ARTS-POLSCI-2026,Subject teacher for DPS-GSEB-GUJ-STD11-ARTS-POLSCI-26.
dps.tch.guj.psy,editingteacher,course,DPS-GSEB-GUJ-STD11-ARTS-PSY-2026,Subject teacher for DPS-GSEB-GUJ-STD11-ARTS-PSY-26.
dps.tch.guj.soc,editingteacher,course,DPS-GSEB-GUJ-STD11-ARTS-SOC-2026,Subject teacher for DPS-GSEB-GUJ-STD11-ARTS-SOC-26.
dps.tch.guj.pe,editingteacher,course,DPS-GSEB-GUJ-STD11-ARTS-PE-2026,Subject teacher for DPS-GSEB-GUJ-STD11-ARTS-PE-26.
dps.tch.guj.eng,editingteacher,course,DPS-GSEB-GUJ-STD12-SCI-ENG-2026,Subject teacher for DPS-GSEB-GUJ-STD12-SCI-ENG-26.
dps.tch.guj.phy,editingteacher,course,DPS-GSEB-GUJ-STD12-SCI-PHY-2026,Subject teacher for DPS-GSEB-GUJ-STD12-SCI-PHY-26.
dps.tch.guj.chem,editingteacher,course,DPS-GSEB-GUJ-STD12-SCI-CHEM-2026,Subject teacher for DPS-GSEB-GUJ-STD12-SCI-CHEM-26.
dps.tch.guj.bio,editingteacher,course,DPS-GSEB-GUJ-STD12-SCI-BIO-2026,Subject teacher for DPS-GSEB-GUJ-STD12-SCI-BIO-26.
dps.tch.guj.math,editingteacher,course,DPS-GSEB-GUJ-STD12-SCI-MATH-2026,Subject teacher for DPS-GSEB-GUJ-STD12-SCI-MATH-26.
dps.tch.guj.cs,editingteacher,course,DPS-GSEB-GUJ-STD12-SCI-CS-2026,Subject teacher for DPS-GSEB-GUJ-STD12-SCI-CS-26.
dps.tch.guj.pe,editingteacher,course,DPS-GSEB-GUJ-STD12-SCI-PE-2026,Subject teacher for DPS-GSEB-GUJ-STD12-SCI-PE-26.
dps.tch.guj.eng,editingteacher,course,DPS-GSEB-GUJ-STD12-COM-ENG-2026,Subject teacher for DPS-GSEB-GUJ-STD12-COM-ENG-26.
dps.tch.guj.acc,editingteacher,course,DPS-GSEB-GUJ-STD12-COM-ACC-2026,Subject teacher for DPS-GSEB-GUJ-STD12-COM-ACC-26.
dps.tch.guj.ba,editingteacher,course,DPS-GSEB-GUJ-STD12-COM-BA-2026,Subject teacher for DPS-GSEB-GUJ-STD12-COM-BA-26.
dps.tch.guj.eco,editingteacher,course,DPS-GSEB-GUJ-STD12-COM-ECO-2026,Subject teacher for DPS-GSEB-GUJ-STD12-COM-ECO-26.
dps.tch.guj.stat,editingteacher,course,DPS-GSEB-GUJ-STD12-COM-STAT-2026,Subject teacher for DPS-GSEB-GUJ-STD12-COM-STAT-26.
dps.tch.guj.cs,editingteacher,course,DPS-GSEB-GUJ-STD12-COM-CS-2026,Subject teacher for DPS-GSEB-GUJ-STD12-COM-CS-26.
dps.tch.guj.pe,editingteacher,course,DPS-GSEB-GUJ-STD12-COM-PE-2026,Subject teacher for DPS-GSEB-GUJ-STD12-COM-PE-26.
dps.tch.guj.eng,editingteacher,course,DPS-GSEB-GUJ-STD12-ARTS-ENG-2026,Subject teacher for DPS-GSEB-GUJ-STD12-ARTS-ENG-26.
dps.tch.guj.hist,editingteacher,course,DPS-GSEB-GUJ-STD12-ARTS-HIST-2026,Subject teacher for DPS-GSEB-GUJ-STD12-ARTS-HIST-26.
dps.tch.guj.geo,editingteacher,course,DPS-GSEB-GUJ-STD12-ARTS-GEO-2026,Subject teacher for DPS-GSEB-GUJ-STD12-ARTS-GEO-26.
dps.tch.guj.polsci,editingteacher,course,DPS-GSEB-GUJ-STD12-ARTS-POLSCI-2026,Subject teacher for DPS-GSEB-GUJ-STD12-ARTS-POLSCI-26.
dps.tch.guj.psy,editingteacher,course,DPS-GSEB-GUJ-STD12-ARTS-PSY-2026,Subject teacher for DPS-GSEB-GUJ-STD12-ARTS-PSY-26.
dps.tch.guj.soc,editingteacher,course,DPS-GSEB-GUJ-STD12-ARTS-SOC-2026,Subject teacher for DPS-GSEB-GUJ-STD12-ARTS-SOC-26.
dps.tch.guj.pe,editingteacher,course,DPS-GSEB-GUJ-STD12-ARTS-PE-2026,Subject teacher for DPS-GSEB-GUJ-STD12-ARTS-PE-26.
dps.tch.eng.guj,editingteacher,course,DPS-GSEB-ENG-STD01-GEN-GUJ-2026,Subject teacher for DPS-GSEB-ENG-STD01-GEN-GUJ-26.
dps.tch.eng.hin,editingteacher,course,DPS-GSEB-ENG-STD01-GEN-HIN-2026,Subject teacher for DPS-GSEB-ENG-STD01-GEN-HIN-26.
dps.tch.eng.eng,editingteacher,course,DPS-GSEB-ENG-STD01-GEN-ENG-2026,Subject teacher for DPS-GSEB-ENG-STD01-GEN-ENG-26.
dps.tch.eng.math,editingteacher,course,DPS-GSEB-ENG-STD01-GEN-MATH-2026,Subject teacher for DPS-GSEB-ENG-STD01-GEN-MATH-26.
dps.tch.eng.evs,editingteacher,course,DPS-GSEB-ENG-STD01-GEN-EVS-2026,Subject teacher for DPS-GSEB-ENG-STD01-GEN-EVS-26.
dps.tch.eng.art,editingteacher,course,DPS-GSEB-ENG-STD01-GEN-ART-2026,Subject teacher for DPS-GSEB-ENG-STD01-GEN-ART-26.
dps.tch.eng.pe,editingteacher,course,DPS-GSEB-ENG-STD01-GEN-PE-2026,Subject teacher for DPS-GSEB-ENG-STD01-GEN-PE-26.
dps.tch.eng.guj,editingteacher,course,DPS-GSEB-ENG-STD02-GEN-GUJ-2026,Subject teacher for DPS-GSEB-ENG-STD02-GEN-GUJ-26.
dps.tch.eng.hin,editingteacher,course,DPS-GSEB-ENG-STD02-GEN-HIN-2026,Subject teacher for DPS-GSEB-ENG-STD02-GEN-HIN-26.
dps.tch.eng.eng,editingteacher,course,DPS-GSEB-ENG-STD02-GEN-ENG-2026,Subject teacher for DPS-GSEB-ENG-STD02-GEN-ENG-26.
dps.tch.eng.math,editingteacher,course,DPS-GSEB-ENG-STD02-GEN-MATH-2026,Subject teacher for DPS-GSEB-ENG-STD02-GEN-MATH-26.
dps.tch.eng.evs,editingteacher,course,DPS-GSEB-ENG-STD02-GEN-EVS-2026,Subject teacher for DPS-GSEB-ENG-STD02-GEN-EVS-26.
dps.tch.eng.art,editingteacher,course,DPS-GSEB-ENG-STD02-GEN-ART-2026,Subject teacher for DPS-GSEB-ENG-STD02-GEN-ART-26.
dps.tch.eng.pe,editingteacher,course,DPS-GSEB-ENG-STD02-GEN-PE-2026,Subject teacher for DPS-GSEB-ENG-STD02-GEN-PE-26.
dps.tch.eng.guj,editingteacher,course,DPS-GSEB-ENG-STD03-GEN-GUJ-2026,Subject teacher for DPS-GSEB-ENG-STD03-GEN-GUJ-26.
dps.tch.eng.hin,editingteacher,course,DPS-GSEB-ENG-STD03-GEN-HIN-2026,Subject teacher for DPS-GSEB-ENG-STD03-GEN-HIN-26.
dps.tch.eng.eng,editingteacher,course,DPS-GSEB-ENG-STD03-GEN-ENG-2026,Subject teacher for DPS-GSEB-ENG-STD03-GEN-ENG-26.
dps.tch.eng.math,editingteacher,course,DPS-GSEB-ENG-STD03-GEN-MATH-2026,Subject teacher for DPS-GSEB-ENG-STD03-GEN-MATH-26.
dps.tch.eng.evs,editingteacher,course,DPS-GSEB-ENG-STD03-GEN-EVS-2026,Subject teacher for DPS-GSEB-ENG-STD03-GEN-EVS-26.
dps.tch.eng.art,editingteacher,course,DPS-GSEB-ENG-STD03-GEN-ART-2026,Subject teacher for DPS-GSEB-ENG-STD03-GEN-ART-26.
dps.tch.eng.pe,editingteacher,course,DPS-GSEB-ENG-STD03-GEN-PE-2026,Subject teacher for DPS-GSEB-ENG-STD03-GEN-PE-26.
dps.tch.eng.guj,editingteacher,course,DPS-GSEB-ENG-STD04-GEN-GUJ-2026,Subject teacher for DPS-GSEB-ENG-STD04-GEN-GUJ-26.
dps.tch.eng.hin,editingteacher,course,DPS-GSEB-ENG-STD04-GEN-HIN-2026,Subject teacher for DPS-GSEB-ENG-STD04-GEN-HIN-26.
dps.tch.eng.eng,editingteacher,course,DPS-GSEB-ENG-STD04-GEN-ENG-2026,Subject teacher for DPS-GSEB-ENG-STD04-GEN-ENG-26.
dps.tch.eng.math,editingteacher,course,DPS-GSEB-ENG-STD04-GEN-MATH-2026,Subject teacher for DPS-GSEB-ENG-STD04-GEN-MATH-26.
dps.tch.eng.evs,editingteacher,course,DPS-GSEB-ENG-STD04-GEN-EVS-2026,Subject teacher for DPS-GSEB-ENG-STD04-GEN-EVS-26.
dps.tch.eng.art,editingteacher,course,DPS-GSEB-ENG-STD04-GEN-ART-2026,Subject teacher for DPS-GSEB-ENG-STD04-GEN-ART-26.
dps.tch.eng.pe,editingteacher,course,DPS-GSEB-ENG-STD04-GEN-PE-2026,Subject teacher for DPS-GSEB-ENG-STD04-GEN-PE-26.
dps.tch.eng.guj,editingteacher,course,DPS-GSEB-ENG-STD05-GEN-GUJ-2026,Subject teacher for DPS-GSEB-ENG-STD05-GEN-GUJ-26.
dps.tch.eng.hin,editingteacher,course,DPS-GSEB-ENG-STD05-GEN-HIN-2026,Subject teacher for DPS-GSEB-ENG-STD05-GEN-HIN-26.
dps.tch.eng.eng,editingteacher,course,DPS-GSEB-ENG-STD05-GEN-ENG-2026,Subject teacher for DPS-GSEB-ENG-STD05-GEN-ENG-26.
dps.tch.eng.math,editingteacher,course,DPS-GSEB-ENG-STD05-GEN-MATH-2026,Subject teacher for DPS-GSEB-ENG-STD05-GEN-MATH-26.
dps.tch.eng.evs,editingteacher,course,DPS-GSEB-ENG-STD05-GEN-EVS-2026,Subject teacher for DPS-GSEB-ENG-STD05-GEN-EVS-26.
dps.tch.eng.art,editingteacher,course,DPS-GSEB-ENG-STD05-GEN-ART-2026,Subject teacher for DPS-GSEB-ENG-STD05-GEN-ART-26.
dps.tch.eng.pe,editingteacher,course,DPS-GSEB-ENG-STD05-GEN-PE-2026,Subject teacher for DPS-GSEB-ENG-STD05-GEN-PE-26.
dps.tch.eng.guj,editingteacher,course,DPS-GSEB-ENG-STD06-GEN-GUJ-2026,Subject teacher for DPS-GSEB-ENG-STD06-GEN-GUJ-26.
dps.tch.eng.hin,editingteacher,course,DPS-GSEB-ENG-STD06-GEN-HIN-2026,Subject teacher for DPS-GSEB-ENG-STD06-GEN-HIN-26.
dps.tch.eng.eng,editingteacher,course,DPS-GSEB-ENG-STD06-GEN-ENG-2026,Subject teacher for DPS-GSEB-ENG-STD06-GEN-ENG-26.
dps.tch.eng.math,editingteacher,course,DPS-GSEB-ENG-STD06-GEN-MATH-2026,Subject teacher for DPS-GSEB-ENG-STD06-GEN-MATH-26.
dps.tch.eng.sci,editingteacher,course,DPS-GSEB-ENG-STD06-GEN-SCI-2026,Subject teacher for DPS-GSEB-ENG-STD06-GEN-SCI-26.
dps.tch.eng.ss,editingteacher,course,DPS-GSEB-ENG-STD06-GEN-SS-2026,Subject teacher for DPS-GSEB-ENG-STD06-GEN-SS-26.
dps.tch.eng.cs,editingteacher,course,DPS-GSEB-ENG-STD06-GEN-CS-2026,Subject teacher for DPS-GSEB-ENG-STD06-GEN-CS-26.
dps.tch.eng.art,editingteacher,course,DPS-GSEB-ENG-STD06-GEN-ART-2026,Subject teacher for DPS-GSEB-ENG-STD06-GEN-ART-26.
dps.tch.eng.pe,editingteacher,course,DPS-GSEB-ENG-STD06-GEN-PE-2026,Subject teacher for DPS-GSEB-ENG-STD06-GEN-PE-26.
dps.tch.eng.guj,editingteacher,course,DPS-GSEB-ENG-STD07-GEN-GUJ-2026,Subject teacher for DPS-GSEB-ENG-STD07-GEN-GUJ-26.
dps.tch.eng.hin,editingteacher,course,DPS-GSEB-ENG-STD07-GEN-HIN-2026,Subject teacher for DPS-GSEB-ENG-STD07-GEN-HIN-26.
dps.tch.eng.eng,editingteacher,course,DPS-GSEB-ENG-STD07-GEN-ENG-2026,Subject teacher for DPS-GSEB-ENG-STD07-GEN-ENG-26.
dps.tch.eng.math,editingteacher,course,DPS-GSEB-ENG-STD07-GEN-MATH-2026,Subject teacher for DPS-GSEB-ENG-STD07-GEN-MATH-26.
dps.tch.eng.sci,editingteacher,course,DPS-GSEB-ENG-STD07-GEN-SCI-2026,Subject teacher for DPS-GSEB-ENG-STD07-GEN-SCI-26.
dps.tch.eng.ss,editingteacher,course,DPS-GSEB-ENG-STD07-GEN-SS-2026,Subject teacher for DPS-GSEB-ENG-STD07-GEN-SS-26.
dps.tch.eng.cs,editingteacher,course,DPS-GSEB-ENG-STD07-GEN-CS-2026,Subject teacher for DPS-GSEB-ENG-STD07-GEN-CS-26.
dps.tch.eng.art,editingteacher,course,DPS-GSEB-ENG-STD07-GEN-ART-2026,Subject teacher for DPS-GSEB-ENG-STD07-GEN-ART-26.
dps.tch.eng.pe,editingteacher,course,DPS-GSEB-ENG-STD07-GEN-PE-2026,Subject teacher for DPS-GSEB-ENG-STD07-GEN-PE-26.
dps.tch.eng.guj,editingteacher,course,DPS-GSEB-ENG-STD08-GEN-GUJ-2026,Subject teacher for DPS-GSEB-ENG-STD08-GEN-GUJ-26.
dps.tch.eng.hin,editingteacher,course,DPS-GSEB-ENG-STD08-GEN-HIN-2026,Subject teacher for DPS-GSEB-ENG-STD08-GEN-HIN-26.
dps.tch.eng.eng,editingteacher,course,DPS-GSEB-ENG-STD08-GEN-ENG-2026,Subject teacher for DPS-GSEB-ENG-STD08-GEN-ENG-26.
dps.tch.eng.math,editingteacher,course,DPS-GSEB-ENG-STD08-GEN-MATH-2026,Subject teacher for DPS-GSEB-ENG-STD08-GEN-MATH-26.
dps.tch.eng.sci,editingteacher,course,DPS-GSEB-ENG-STD08-GEN-SCI-2026,Subject teacher for DPS-GSEB-ENG-STD08-GEN-SCI-26.
dps.tch.eng.ss,editingteacher,course,DPS-GSEB-ENG-STD08-GEN-SS-2026,Subject teacher for DPS-GSEB-ENG-STD08-GEN-SS-26.
dps.tch.eng.cs,editingteacher,course,DPS-GSEB-ENG-STD08-GEN-CS-2026,Subject teacher for DPS-GSEB-ENG-STD08-GEN-CS-26.
dps.tch.eng.art,editingteacher,course,DPS-GSEB-ENG-STD08-GEN-ART-2026,Subject teacher for DPS-GSEB-ENG-STD08-GEN-ART-26.
dps.tch.eng.pe,editingteacher,course,DPS-GSEB-ENG-STD08-GEN-PE-2026,Subject teacher for DPS-GSEB-ENG-STD08-GEN-PE-26.
dps.tch.eng.guj,editingteacher,course,DPS-GSEB-ENG-STD09-GEN-GUJ-2026,Subject teacher for DPS-GSEB-ENG-STD09-GEN-GUJ-26.
dps.tch.eng.hin,editingteacher,course,DPS-GSEB-ENG-STD09-GEN-HIN-2026,Subject teacher for DPS-GSEB-ENG-STD09-GEN-HIN-26.
dps.tch.eng.eng,editingteacher,course,DPS-GSEB-ENG-STD09-GEN-ENG-2026,Subject teacher for DPS-GSEB-ENG-STD09-GEN-ENG-26.
dps.tch.eng.math,editingteacher,course,DPS-GSEB-ENG-STD09-GEN-MATH-2026,Subject teacher for DPS-GSEB-ENG-STD09-GEN-MATH-26.
dps.tch.eng.sci,editingteacher,course,DPS-GSEB-ENG-STD09-GEN-SCI-2026,Subject teacher for DPS-GSEB-ENG-STD09-GEN-SCI-26.
dps.tch.eng.ss,editingteacher,course,DPS-GSEB-ENG-STD09-GEN-SS-2026,Subject teacher for DPS-GSEB-ENG-STD09-GEN-SS-26.
dps.tch.eng.cs,editingteacher,course,DPS-GSEB-ENG-STD09-GEN-CS-2026,Subject teacher for DPS-GSEB-ENG-STD09-GEN-CS-26.
dps.tch.eng.pe,editingteacher,course,DPS-GSEB-ENG-STD09-GEN-PE-2026,Subject teacher for DPS-GSEB-ENG-STD09-GEN-PE-26.
dps.tch.eng.guj,editingteacher,course,DPS-GSEB-ENG-STD10-GEN-GUJ-2026,Subject teacher for DPS-GSEB-ENG-STD10-GEN-GUJ-26.
dps.tch.eng.hin,editingteacher,course,DPS-GSEB-ENG-STD10-GEN-HIN-2026,Subject teacher for DPS-GSEB-ENG-STD10-GEN-HIN-26.
dps.tch.eng.eng,editingteacher,course,DPS-GSEB-ENG-STD10-GEN-ENG-2026,Subject teacher for DPS-GSEB-ENG-STD10-GEN-ENG-26.
dps.tch.eng.math,editingteacher,course,DPS-GSEB-ENG-STD10-GEN-MATH-2026,Subject teacher for DPS-GSEB-ENG-STD10-GEN-MATH-26.
dps.tch.eng.sci,editingteacher,course,DPS-GSEB-ENG-STD10-GEN-SCI-2026,Subject teacher for DPS-GSEB-ENG-STD10-GEN-SCI-26.
dps.tch.eng.ss,editingteacher,course,DPS-GSEB-ENG-STD10-GEN-SS-2026,Subject teacher for DPS-GSEB-ENG-STD10-GEN-SS-26.
dps.tch.eng.cs,editingteacher,course,DPS-GSEB-ENG-STD10-GEN-CS-2026,Subject teacher for DPS-GSEB-ENG-STD10-GEN-CS-26.
