history_id,username,academic_year,board_code,school_code,medium_code,grade_code,stream_code,division_code,cohort_code,status,result,effective_from,effective_to,created_by,created_on,notes
HIST-00001,dps.stu.00001,2026-2027,GSEB,DPS,GUJ,STD01,GEN,A,DPS-2026-GSEB-GUJ-STD01-GEN-A,ACTIVE,PENDING,2026-04-01,2027-03-31,principal.sharma,2026-04-01,Generated current academic history row.
HIST-00002,dps.stu.00002,2026-2027,GSEB,DPS,GUJ,STD01,GEN,A,DPS-2026-GSEB-GUJ-STD01-GEN-A,ACTIVE,PENDING,2026-04-01,2027-03-31,principal.sharma,2026-04-01,Generated current academic history row.
HIST-00003,dps.stu.00003,2026-2027,GSEB,DPS,GUJ,STD01,GEN,A,DPS-2026-GSEB-GUJ-STD01-GEN-A,ACTIVE,PENDING,2026-04-01,2027-03-31,principal.sharma,2026-04-01,Generated current academic history row.
HIST-00004,dps.stu.00004,2026-2027,GSEB,DPS,GUJ,STD01,GEN,A,DPS-2026-GSEB-GUJ-STD01-GEN-A,ACTIVE,PENDING,2026-04-01,2027-03-31,principal.sharma,2026-04-01,Generated current academic history row.
HIST-00005,dps.stu.00005,2026-2027,GSEB,DPS,GUJ,STD01,GEN,A,DPS-2026-GSEB-GUJ-STD01-GEN-A,ACTIVE,PENDING,2026-04-01,2027-03-31,principal.sharma,2026-04-01,Generated current academic history row.
HIST-00006,dps.stu.00006,2026-2027,GSEB,DPS,GUJ,STD01,GEN,A,DPS-2026-GSEB-GUJ-STD01-GEN-A,ACTIVE,PENDING,2026-04-01,2027-03-31,principal.sharma,2026-04-01,Generated current academic history row.
HIST-00007,dps.stu.00007,2026-2027,GSEB,DPS,GUJ,STD01,GEN,A,DPS-2026-GSEB-GUJ-STD01-GEN-A,ACTIVE,PENDING,2026-04-01,2027-03-31,principal.sharma,2026-04-01,Generated current academic history row.
HIST-00008,dps.stu.00008,2026-2027,GSEB,DPS,GUJ,STD01,GEN,A,DPS-2026-GSEB-GUJ-STD01-GEN-A,ACTIVE,PENDING,2026-04-01,2027-03-31,principal.sharma,2026-04-01,Generated current academic history row.
HIST-00009,dps.stu.00009,2026-2027,GSEB,DPS,GUJ,STD01,GEN,A,DPS-2026-GSEB-GUJ-STD01-GEN-A,ACTIVE,PENDING,2026-04-01,2027-03-31,principal.sharma,2026-04-01,Generated current academic history row.
HIST-00010,dps.stu.00010,2026-2027,GSEB,DPS,GUJ,STD01,GEN,A,DPS-2026-GSEB-GUJ-STD01-GEN-A,ACTIVE,PENDING,2026-04-01,2027-03-31,principal.sharma,2026-04-01,Generated current academic history row.
HIST-00011,dps.stu.00011,2026-2027,GSEB,DPS,GUJ,STD01,GEN,A,DPS-2026-GSEB-GUJ-STD01-GEN-A,ACTIVE,PENDING,2026-04-01,2027-03-31,principal.sharma,2026-04-01,Generated current academic history row.
HIST-00012,dps.stu.00012,2026-2027,GSEB,DPS,GUJ,STD01,GEN,A,DPS-2026-GSEB-GUJ-STD01-GEN-A,ACTIVE,PENDING,2026-04-01,2027-03-31,principal.sharma,2026-04-01,Generated current academic history row.
HIST-00013,dps.stu.00013,2026-2027,GSEB,DPS,GUJ,STD01,GEN,A,DPS-2026-GSEB-GUJ-STD01-GEN-A,ACTIVE,PENDING,2026-04-01,2027-03-31,principal.sharma,2026-04-01,Generated current academic history row.
HIST-00014,dps.stu.00014,2026-2027,GSEB,DPS,GUJ,STD01,GEN,A,DPS-2026-GSEB-GUJ-STD01-GEN-A,ACTIVE,PENDING,2026-04-01,2027-03-31,principal.sharma,2026-04-01,Generated current academic history row.
HIST-00015,dps.stu.00015,2026-2027,GSEB,DPS,GUJ,STD01,GEN,A,DPS-2026-GSEB-GUJ-STD01-GEN-A,ACTIVE,PENDING,2026-04-01,2027-03-31,principal.sharma,2026-04-01,Generated current academic history row.
HIST-00016,dps.stu.00016,2026-2027,GSEB,DPS,GUJ,STD01,GEN,A,DPS-2026-GSEB-GUJ-STD01-GEN-A,ACTIVE,PENDING,2026-04-01,2027-03-31,principal.sharma,2026-04-01,Generated current academic history row.
HIST-00017,dps.stu.00017,2026-2027,GSEB,DPS,GUJ,STD01,GEN,A,DPS-2026-GSEB-GUJ-STD01-GEN-A,ACTIVE,PENDING,2026-04-01,2027-03-31,principal.sharma,2026-04-01,Generated current academic history row.
HIST-00018,dps.stu.00018,2026-2027,GSEB,DPS,GUJ,STD01,GEN,A,DPS-2026-GSEB-GUJ-STD01-GEN-A,ACTIVE,PENDING,2026-04-01,2027-03-31,principal.sharma,2026-04-01,Generated current academic history row.
HIST-00019,dps.stu.00019,2026-2027,GSEB,DPS,GUJ,STD01,GEN,A,DPS-2026-GSEB-GUJ-STD01-GEN-A,ACTIVE,PENDING,2026-04-01,2027-03-31,principal.sharma,2026-04-01,Generated current academic history row.
HIST-00020,dps.stu.00020,2026-2027,GSEB,DPS,GUJ,STD01,GEN,A,DPS-2026-GSEB-GUJ-STD01-GEN-A,ACTIVE,PENDING,2026-04-01,2027-03-31,principal.sharma,2026-04-01,Generated current academic history row.
HIST-00021,dps.stu.00021,2026-2027,GSEB,DPS,ENG,STD01,GEN,A,DPS-2026-GSEB-ENG-STD01-GEN-A,ACTIVE,PENDING,2026-04-01,2027-03-31,principal.sharma,2026-04-01,Generated current academic history row.
HIST-00022,dps.stu.00022,2026-2027,GSEB,DPS,ENG,STD01,GEN,A,DPS-2026-GSEB-ENG-STD01-GEN-A,ACTIVE,PENDING,2026-04-01,2027-03-31,principal.sharma,2026-04-01,Generated current academic history row.
HIST-00023,dps.stu.00023,2026-2027,GSEB,DPS,ENG,STD01,GEN,A,DPS-2026-GSEB-ENG-STD01-GEN-A,ACTIVE,PENDING,2026-04-01,2027-03-31,principal.sharma,2026-04-01,Generated current academic history row.
HIST-00024,dps.stu.00024,2026-2027,GSEB,DPS,ENG,STD01,GEN,A,DPS-2026-GSEB-ENG-STD01-GEN-A,ACTIVE,PENDING,2026-04-01,2027-03-31,principal.sharma,2026-04-01,Generated current academic history row.
HIST-00025,dps.stu.00025,2026-2027,GSEB,DPS,ENG,STD01,GEN,A,DPS-2026-GSEB-ENG-STD01-GEN-A,ACTIVE,PENDING,2026-04-01,2027-03-31,principal.sharma,2026-04-01,Generated current academic history row.
HIST-00026,dps.stu.00026,2026-2027,GSEB,DPS,ENG,STD01,GEN,A,DPS-2026-GSEB-ENG-STD01-GEN-A,ACTIVE,PENDING,2026-04-01,2027-03-31,principal.sharma,2026-04-01,Generated current academic history row.
HIST-00027,dps.stu.00027,2026-2027,GSEB,DPS,ENG,STD01,GEN,A,DPS-2026-GSEB-ENG-STD01-GEN-A,ACTIVE,PENDING,2026-04-01,2027-03-31,principal.sharma,2026-04-01,Generated current academic history row.
HIST-00028,dps.stu.00028,2026-2027,GSEB,DPS,ENG,STD01,GEN,A,DPS-2026-GSEB-ENG-STD01-GEN-A,ACTIVE,PENDING,2026-04-01,2027-03-31,principal.sharma,2026-04-01,Generated current academic history row.
HIST-00029,dps.stu.00029,2026-2027,GSEB,DPS,ENG,STD01,GEN,A,DPS-2026-GSEB-ENG-STD01-GEN-A,ACTIVE,PENDING,2026-04-01,2027-03-31,principal.sharma,2026-04-01,Generated current academic history row.
HIST-00030,dps.stu.00030,2026-2027,GSEB,DPS,ENG,STD01,GEN,A,DPS-2026-GSEB-ENG-STD01-GEN-A,ACTIVE,PENDING,2026-04-01,2027-03-31,principal.sharma,2026-04-01,Generated current academic history row.
HIST-00031,dps.stu.00031,2026-2027,GSEB,DPS,ENG,STD01,GEN,A,DPS-2026-GSEB-ENG-STD01-GEN-A,ACTIVE,PENDING,2026-04-01,2027-03-31,principal.sharma,2026-04-01,Generated current academic history row.
HIST-00032,dps.stu.00032,2026-2027,GSEB,DPS,ENG,STD01,GEN,A,DPS-2026-GSEB-ENG-STD01-GEN-A,ACTIVE,PENDING,2026-04-01,2027-03-31,principal.sharma,2026-04-01,Generated current academic history row.
HIST-00033,dps.stu.00033,2026-2027,GSEB,DPS,ENG,STD01,GEN,A,DPS-2026-GSEB-ENG-STD01-GEN-A,ACTIVE,PENDING,2026-04-01,2027-03-31,principal.sharma,2026-04-01,Generated current academic history row.
HIST-00034,dps.stu.00034,2026-2027,GSEB,DPS,ENG,STD01,GEN,A,DPS-2026-GSEB-ENG-STD01-GEN-A,ACTIVE,PENDING,2026-04-01,2027-03-31,principal.sharma,2026-04-01,Generated current academic history row.
HIST-00035,dps.stu.00035,2026-2027,GSEB,DPS,ENG,STD01,GEN,A,DPS-2026-GSEB-ENG-STD01-GEN-A,ACTIVE,PENDING,2026-04-01,2027-03-31,principal.sharma,2026-04-01,Generated current academic history row.
HIST-00036,dps.stu.00036,2026-2027,GSEB,DPS,ENG,STD01,GEN,A,DPS-2026-GSEB-ENG-STD01-GEN-A,ACTIVE,PENDING,2026-04-01,2027-03-31,principal.sharma,2026-04-01,Generated current academic history row.
HIST-00037,dps.stu.00037,2026-2027,GSEB,DPS,ENG,STD01,GEN,A,DPS-2026-GSEB-ENG-STD01-GEN-A,ACTIVE,PENDING,2026-04-01,2027-03-31,principal.sharma,2026-04-01,Generated current academic history row.
HIST-00038,dps.stu.00038,2026-2027,GSEB,DPS,ENG,STD01,GEN,A,DPS-2026-GSEB-ENG-STD01-GEN-A,ACTIVE,PENDING,2026-04-01,2027-03-31,principal.sharma,2026-04-01,Generated current academic history row.
HIST-00039,dps.stu.00039,2026-2027,GSEB,DPS,ENG,STD01,GEN,A,DPS-2026-GSEB-ENG-STD01-GEN-A,ACTIVE,PENDING,2026-04-01,2027-03-31,principal.sharma,2026-04-01,Generated current academic history row.
HIST-00040,dps.stu.00040,2026-2027,GSEB,DPS,ENG,STD01,GEN,A,DPS-2026-GSEB-ENG-STD01-GEN-A,ACTIVE,PENDING,2026-04-01,2027-03-31,principal.sharma,2026-04-01,Generated current academic history row.
HIST-00041,dps.stu.00041,2026-2027,GSEB,DPS,HIN,STD01,GEN,A,DPS-2026-GSEB-HIN-STD01-GEN-A,ACTIVE,PENDING,2026-04-01,2027-03-31,principal.sharma,2026-04-01,Generated current academic history row.
HIST-00042,dps.stu.00042,2026-2027,GSEB,DPS,HIN,STD01,GEN,A,DPS-2026-GSEB-HIN-STD01-GEN-A,ACTIVE,PENDING,2026-04-01,2027-03-31,principal.sharma,2026-04-01,Generated current academic history row.
HIST-00043,dps.stu.00043,2026-2027,GSEB,DPS,HIN,STD01,GEN,A,DPS-2026-GSEB-HIN-STD01-GEN-A,ACTIVE,PENDING,2026-04-01,2027-03-31,principal.sharma,2026-04-01,Generated current academic history row.
HIST-00044,dps.stu.00044,2026-2027,GSEB,DPS,HIN,STD01,GEN,A,DPS-2026-GSEB-HIN-STD01-GEN-A,ACTIVE,PENDING,2026-04-01,2027-03-31,principal.sharma,2026-04-01,Generated current academic history row.
HIST-00045,dps.stu.00045,2026-2027,GSEB,DPS,HIN,STD01,GEN,A,DPS-2026-GSEB-HIN-STD01-GEN-A,ACTIVE,PENDING,2026-04-01,2027-03-31,principal.sharma,2026-04-01,Generated current academic history row.
HIST-00046,dps.stu.00046,2026-2027,GSEB,DPS,HIN,STD01,GEN,A,DPS-2026-GSEB-HIN-STD01-GEN-A,ACTIVE,PENDING,2026-04-01,2027-03-31,principal.sharma,2026-04-01,Generated current academic history row.
HIST-00047,dps.stu.00047,2026-2027,GSEB,DPS,HIN,STD01,GEN,A,DPS-2026-GSEB-HIN-STD01-GEN-A,ACTIVE,PENDING,2026-04-01,2027-03-31,principal.sharma,2026-04-01,Generated current academic history row.
HIST-00048,dps.stu.00048,2026-2027,GSEB,DPS,HIN,STD01,GEN,A,DPS-2026-GSEB-HIN-STD01-GEN-A,ACTIVE,PENDING,2026-04-01,2027-03-31,principal.sharma,2026-04-01,Generated current academic history row.
HIST-00049,dps.stu.00049,2026-2027,GSEB,DPS,HIN,STD01,GEN,A,DPS-2026-GSEB-HIN-STD01-GEN-A,ACTIVE,PENDING,2026-04-01,2027-03-31,principal.sharma,2026-04-01,Generated current academic history row.
HIST-00050,dps.stu.00050,2026-2027,GSEB,DPS,HIN,STD01,GEN,A,DPS-2026-GSEB-HIN-STD01-GEN-A,ACTIVE,PENDING,2026-04-01,2027-03-31,principal.sharma,2026-04-01,Generated current academic history row.
HIST-00051,dps.stu.00051,2026-2027,GSEB,DPS,HIN,STD01,GEN,A,DPS-2026-GSEB-HIN-STD01-GEN-A,ACTIVE,PENDING,2026-04-01,2027-03-31,principal.sharma,2026-04-01,Generated current academic history row.
HIST-00052,dps.stu.00052,2026-2027,GSEB,DPS,HIN,STD01,GEN,A,DPS-2026-GSEB-HIN-STD01-GEN-A,ACTIVE,PENDING,2026-04-01,2027-03-31,principal.sharma,2026-04-01,Generated current academic history row.
HIST-00053,dps.stu.00053,2026-2027,GSEB,DPS,HIN,STD01,GEN,A,DPS-2026-GSEB-HIN-STD01-GEN-A,ACTIVE,PENDING,2026-04-01,2027-03-31,principal.sharma,2026-04-01,Generated current academic history row.
HIST-00054,dps.stu.00054,2026-2027,GSEB,DPS,HIN,STD01,GEN,A,DPS-2026-GSEB-HIN-STD01-GEN-A,ACTIVE,PENDING,2026-04-01,2027-03-31,principal.sharma,2026-04-01,Generated current academic history row.
HIST-00055,dps.stu.00055,2026-2027,GSEB,DPS,HIN,STD01,GEN,A,DPS-2026-GSEB-HIN-STD01-GEN-A,ACTIVE,PENDING,2026-04-01,2027-03-31,principal.sharma,2026-04-01,Generated current academic history row.
HIST-00056,dps.stu.00056,2026-2027,GSEB,DPS,HIN,STD01,GEN,A,DPS-2026-GSEB-HIN-STD01-GEN-A,ACTIVE,PENDING,2026-04-01,2027-03-31,principal.sharma,2026-04-01,Generated current academic history row.
HIST-00057,dps.stu.00057,2026-2027,GSEB,DPS,HIN,STD01,GEN,A,DPS-2026-GSEB-HIN-STD01-GEN-A,ACTIVE,PENDING,2026-04-01,2027-03-31,principal.sharma,2026-04-01,Generated current academic history row.
HIST-00058,dps.stu.00058,2026-2027,GSEB,DPS,HIN,STD01,GEN,A,DPS-2026-GSEB-HIN-STD01-GEN-A,ACTIVE,PENDING,2026-04-01,2027-03-31,principal.sharma,2026-04-01,Generated current academic history row.
HIST-00059,dps.stu.00059,2026-2027,GSEB,DPS,HIN,STD01,GEN,A,DPS-2026-GSEB-HIN-STD01-GEN-A,ACTIVE,PENDING,2026-04-01,2027-03-31,principal.sharma,2026-04-01,Generated current academic history row.
HIST-00060,dps.stu.00060,2026-2027,GSEB,DPS,HIN,STD01,GEN,A,DPS-2026-GSEB-HIN-STD01-GEN-A,ACTIVE,PENDING,2026-04-01,2027-03-31,principal.sharma,2026-04-01,Generated current academic history row.
HIST-00061,dps.stu.00061,2026-2027,GSEB,DPS,GUJ,STD01,GEN,B,DPS-2026-GSEB-GUJ-STD01-GEN-B,ACTIVE,PENDING,2026-04-01,2027-03-31,principal.sharma,2026-04-01,Generated current academic history row.
HIST-00062,dps.stu.00062,2026-2027,GSEB,DPS,GUJ,STD01,GEN,B,DPS-2026-GSEB-GUJ-STD01-GEN-B,ACTIVE,PENDING,2026-04-01,2027-03-31,principal.sharma,2026-04-01,Generated current academic history row.
HIST-00063,dps.stu.00063,2026-2027,GSEB,DPS,GUJ,STD01,GEN,B,DPS-2026-GSEB-GUJ-STD01-GEN-B,ACTIVE,PENDING,2026-04-01,2027-03-31,principal.sharma,2026-04-01,Generated current academic history row.
HIST-00064,dps.stu.00064,2026-2027,GSEB,DPS,GUJ,STD01,GEN,B,DPS-2026-GSEB-GUJ-STD01-GEN-B,ACTIVE,PENDING,2026-04-01,2027-03-31,principal.sharma,2026-04-01,Generated current academic history row.
HIST-00065,dps.stu.00065,2026-2027,GSEB,DPS,GUJ,STD01,GEN,B,DPS-2026-GSEB-GUJ-STD01-GEN-B,ACTIVE,PENDING,2026-04-01,2027-03-31,principal.sharma,2026-04-01,Generated current academic history row.
HIST-00066,dps.stu.00066,2026-2027,GSEB,DPS,GUJ,STD01,GEN,B,DPS-2026-GSEB-GUJ-STD01-GEN-B,ACTIVE,PENDING,2026-04-01,2027-03-31,principal.sharma,2026-04-01,Generated current academic history row.
HIST-00067,dps.stu.00067,2026-2027,GSEB,DPS,GUJ,STD01,GEN,B,DPS-2026-GSEB-GUJ-STD01-GEN-B,ACTIVE,PENDING,2026-04-01,2027-03-31,principal.sharma,2026-04-01,Generated current academic history row.
HIST-00068,dps.stu.00068,2026-2027,GSEB,DPS,GUJ,STD01,GEN,B,DPS-2026-GSEB-GUJ-STD01-GEN-B,ACTIVE,PENDING,2026-04-01,2027-03-31,principal.sharma,2026-04-01,Generated current academic history row.
HIST-00069,dps.stu.00069,2026-2027,GSEB,DPS,GUJ,STD01,GEN,B,DPS-2026-GSEB-GUJ-STD01-GEN-B,ACTIVE,PENDING,2026-04-01,2027-03-31,principal.sharma,2026-04-01,Generated current academic history row.
HIST-00070,dps.stu.00070,2026-2027,GSEB,DPS,GUJ,STD01,GEN,B,DPS-2026-GSEB-GUJ-STD01-GEN-B,ACTIVE,PENDING,2026-04-01,2027-03-31,principal.sharma,2026-04-01,Generated current academic history row.
HIST-00071,dps.stu.00071,2026-2027,GSEB,DPS,GUJ,STD01,GEN,B,DPS-2026-GSEB-GUJ-STD01-GEN-B,ACTIVE,PENDING,2026-04-01,2027-03-31,principal.sharma,2026-04-01,Generated current academic history row.
HIST-00072,dps.stu.00072,2026-2027,GSEB,DPS,GUJ,STD01,GEN,B,DPS-2026-GSEB-GUJ-STD01-GEN-B,ACTIVE,PENDING,2026-04-01,2027-03-31,principal.sharma,2026-04-01,Generated current academic history row.
HIST-00073,dps.stu.00073,2026-2027,GSEB,DPS,GUJ,STD01,GEN,B,DPS-2026-GSEB-GUJ-STD01-GEN-B,ACTIVE,PENDING,2026-04-01,2027-03-31,principal.sharma,2026-04-01,Generated current academic history row.
HIST-00074,dps.stu.00074,2026-2027,GSEB,DPS,GUJ,STD01,GEN,B,DPS-2026-GSEB-GUJ-STD01-GEN-B,ACTIVE,PENDING,2026-04-01,2027-03-31,principal.sharma,2026-04-01,Generated current academic history row.
HIST-00075,dps.stu.00075,2026-2027,GSEB,DPS,GUJ,STD01,GEN,B,DPS-2026-GSEB-GUJ-STD01-GEN-B,ACTIVE,PENDING,2026-04-01,2027-03-31,principal.sharma,2026-04-01,Generated current academic history row.
HIST-00076,dps.stu.00076,2026-2027,GSEB,DPS,GUJ,STD01,GEN,B,DPS-2026-GSEB-GUJ-STD01-GEN-B,ACTIVE,PENDING,2026-04-01,2027-03-31,principal.sharma,2026-04-01,Generated current academic history row.
HIST-00077,dps.stu.00077,2026-2027,GSEB,DPS,GUJ,STD01,GEN,B,DPS-2026-GSEB-GUJ-STD01-GEN-B,ACTIVE,PENDING,2026-04-01,2027-03-31,principal.sharma,2026-04-01,Generated current academic history row.
HIST-00078,dps.stu.00078,2026-2027,GSEB,DPS,GUJ,STD01,GEN,B,DPS-2026-GSEB-GUJ-STD01-GEN-B,ACTIVE,PENDING,2026-04-01,2027-03-31,principal.sharma,2026-04-01,Generated current academic history row.
HIST-00079,dps.stu.00079,2026-2027,GSEB,DPS,GUJ,STD01,GEN,B,DPS-2026-GSEB-GUJ-STD01-GEN-B,ACTIVE,PENDING,2026-04-01,2027-03-31,principal.sharma,2026-04-01,Generated current academic history row.
HIST-00080,dps.stu.00080,2026-2027,GSEB,DPS,GUJ,STD01,GEN,B,DPS-2026-GSEB-GUJ-STD01-GEN-B,ACTIVE,PENDING,2026-04-01,2027-03-31,principal.sharma,2026-04-01,Generated current academic history row.
HIST-00081,dps.stu.00081,2026-2027,GSEB,DPS,ENG,STD01,GEN,B,DPS-2026-GSEB-ENG-STD01-GEN-B,ACTIVE,PENDING,2026-04-01,2027-03-31,principal.sharma,2026-04-01,Generated current academic history row.
HIST-00082,dps.stu.00082,2026-2027,GSEB,DPS,ENG,STD01,GEN,B,DPS-2026-GSEB-ENG-STD01-GEN-B,ACTIVE,PENDING,2026-04-01,2027-03-31,principal.sharma,2026-04-01,Generated current academic history row.
HIST-00083,dps.stu.00083,2026-2027,GSEB,DPS,ENG,STD01,GEN,B,DPS-2026-GSEB-ENG-STD01-GEN-B,ACTIVE,PENDING,2026-04-01,2027-03-31,principal.sharma,2026-04-01,Generated current academic history row.
HIST-00084,dps.stu.00084,2026-2027,GSEB,DPS,ENG,STD01,GEN,B,DPS-2026-GSEB-ENG-STD01-GEN-B,ACTIVE,PENDING,2026-04-01,2027-03-31,principal.sharma,2026-04-01,Generated current academic history row.
HIST-00085,dps.stu.00085,2026-2027,GSEB,DPS,ENG,STD01,GEN,B,DPS-2026-GSEB-ENG-STD01-GEN-B,ACTIVE,PENDING,2026-04-01,2027-03-31,principal.sharma,2026-04-01,Generated current academic history row.
HIST-00086,dps.stu.00086,2026-2027,GSEB,DPS,ENG,STD01,GEN,B,DPS-2026-GSEB-ENG-STD01-GEN-B,ACTIVE,PENDING,2026-04-01,2027-03-31,principal.sharma,2026-04-01,Generated current academic history row.
HIST-00087,dps.stu.00087,2026-2027,GSEB,DPS,ENG,STD01,GEN,B,DPS-2026-GSEB-ENG-STD01-GEN-B,ACTIVE,PENDING,2026-04-01,2027-03-31,principal.sharma,2026-04-01,Generated current academic history row.
HIST-00088,dps.stu.00088,2026-2027,GSEB,DPS,ENG,STD01,GEN,B,DPS-2026-GSEB-ENG-STD01-GEN-B,ACTIVE,PENDING,2026-04-01,2027-03-31,principal.sharma,2026-04-01,Generated current academic history row.
HIST-00089,dps.stu.00089,2026-2027,GSEB,DPS,ENG,STD01,GEN,B,DPS-2026-GSEB-ENG-STD01-GEN-B,ACTIVE,PENDING,2026-04-01,2027-03-31,principal.sharma,2026-04-01,Generated current academic history row.
HIST-00090,dps.stu.00090,2026-2027,GSEB,DPS,ENG,STD01,GEN,B,DPS-2026-GSEB-ENG-STD01-GEN-B,ACTIVE,PENDING,2026-04-01,2027-03-31,principal.sharma,2026-04-01,Generated current academic history row.
HIST-00091,dps.stu.00091,2026-2027,GSEB,DPS,ENG,STD01,GEN,B,DPS-2026-GSEB-ENG-STD01-GEN-B,ACTIVE,PENDING,2026-04-01,2027-03-31,principal.sharma,2026-04-01,Generated current academic history row.
HIST-00092,dps.stu.00092,2026-2027,GSEB,DPS,ENG,STD01,GEN,B,DPS-2026-GSEB-ENG-STD01-GEN-B,ACTIVE,PENDING,2026-04-01,2027-03-31,principal.sharma,2026-04-01,Generated current academic history row.
HIST-00093,dps.stu.00093,2026-2027,GSEB,DPS,ENG,STD01,GEN,B,DPS-2026-GSEB-ENG-STD01-GEN-B,ACTIVE,PENDING,2026-04-01,2027-03-31,principal.sharma,2026-04-01,Generated current academic history row.
HIST-00094,dps.stu.00094,2026-2027,GSEB,DPS,ENG,STD01,GEN,B,DPS-2026-GSEB-ENG-STD01-GEN-B,ACTIVE,PENDING,2026-04-01,2027-03-31,principal.sharma,2026-04-01,Generated current academic history row.
HIST-00095,dps.stu.00095,2026-2027,GSEB,DPS,ENG,STD01,GEN,B,DPS-2026-GSEB-ENG-STD01-GEN-B,ACTIVE,PENDING,2026-04-01,2027-03-31,principal.sharma,2026-04-01,Generated current academic history row.
HIST-00096,dps.stu.00096,2026-2027,GSEB,DPS,ENG,STD01,GEN,B,DPS-2026-GSEB-ENG-STD01-GEN-B,ACTIVE,PENDING,2026-04-01,2027-03-31,principal.sharma,2026-04-01,Generated current academic history row.
HIST-00097,dps.stu.00097,2026-2027,GSEB,DPS,ENG,STD01,GEN,B,DPS-2026-GSEB-ENG-STD01-GEN-B,ACTIVE,PENDING,2026-04-01,2027-03-31,principal.sharma,2026-04-01,Generated current academic history row.
HIST-00098,dps.stu.00098,2026-2027,GSEB,DPS,ENG,STD01,GEN,B,DPS-2026-GSEB-ENG-STD01-GEN-B,ACTIVE,PENDING,2026-04-01,2027-03-31,principal.sharma,2026-04-01,Generated current academic history row.
HIST-00099,dps.stu.00099,2026-2027,GSEB,DPS,ENG,STD01,GEN,B,DPS-2026-GSEB-ENG-STD01-GEN-B,ACTIVE,PENDING,2026-04-01,2027-03-31,principal.sharma,2026-04-01,Generated current academic history row.
HIST-00100,dps.stu.00100,2026-2027,GSEB,DPS,ENG,STD01,GEN,B,DPS-2026-GSEB-ENG-STD01-GEN-B,ACTIVE,PENDING,2026-04-01,2027-03-31,principal.sharma,2026-04-01,Generated current academic history row.
HIST-00101,dps.stu.00101,2026-2027,GSEB,DPS,HIN,STD01,GEN,B,DPS-2026-GSEB-HIN-STD01-GEN-B,ACTIVE,PENDING,2026-04-01,2027-03-31,principal.sharma,2026-04-01,Generated current academic history row.
HIST-00102,dps.stu.00102,2026-2027,GSEB,DPS,HIN,STD01,GEN,B,DPS-2026-GSEB-HIN-STD01-GEN-B,ACTIVE,PENDING,2026-04-01,2027-03-31,principal.sharma,2026-04-01,Generated current academic history row.
HIST-00103,dps.stu.00103,2026-2027,GSEB,DPS,HIN,STD01,GEN,B,DPS-2026-GSEB-HIN-STD01-GEN-B,ACTIVE,PENDING,2026-04-01,2027-03-31,principal.sharma,2026-04-01,Generated current academic history row.
HIST-00104,dps.stu.00104,2026-2027,GSEB,DPS,HIN,STD01,GEN,B,DPS-2026-GSEB-HIN-STD01-GEN-B,ACTIVE,PENDING,2026-04-01,2027-03-31,principal.sharma,2026-04-01,Generated current academic history row.
HIST-00105,dps.stu.00105,2026-2027,GSEB,DPS,HIN,STD01,GEN,B,DPS-2026-GSEB-HIN-STD01-GEN-B,ACTIVE,PENDING,2026-04-01,2027-03-31,principal.sharma,2026-04-01,Generated current academic history row.
HIST-00106,dps.stu.00106,2026-2027,GSEB,DPS,HIN,STD01,GEN,B,DPS-2026-GSEB-HIN-STD01-GEN-B,ACTIVE,PENDING,2026-04-01,2027-03-31,principal.sharma,2026-04-01,Generated current academic history row.
HIST-00107,dps.stu.00107,2026-2027,GSEB,DPS,HIN,STD01,GEN,B,DPS-2026-GSEB-HIN-STD01-GEN-B,ACTIVE,PENDING,2026-04-01,2027-03-31,principal.sharma,2026-04-01,Generated current academic history row.
HIST-00108,dps.stu.00108,2026-2027,GSEB,DPS,HIN,STD01,GEN,B,DPS-2026-GSEB-HIN-STD01-GEN-B,ACTIVE,PENDING,2026-04-01,2027-03-31,principal.sharma,2026-04-01,Generated current academic history row.
HIST-00109,dps.stu.00109,2026-2027,GSEB,DPS,HIN,STD01,GEN,B,DPS-2026-GSEB-HIN-STD01-GEN-B,ACTIVE,PENDING,2026-04-01,2027-03-31,principal.sharma,2026-04-01,Generated current academic history row.
HIST-00110,dps.stu.00110,2026-2027,GSEB,DPS,HIN,STD01,GEN,B,DPS-2026-GSEB-HIN-STD01-GEN-B,ACTIVE,PENDING,2026-04-01,2027-03-31,principal.sharma,2026-04-01,Generated current academic history row.
HIST-00111,dps.stu.00111,2026-2027,GSEB,DPS,HIN,STD01,GEN,B,DPS-2026-GSEB-HIN-STD01-GEN-B,ACTIVE,PENDING,2026-04-01,2027-03-31,principal.sharma,2026-04-01,Generated current academic history row.
HIST-00112,dps.stu.00112,2026-2027,GSEB,DPS,HIN,STD01,GEN,B,DPS-2026-GSEB-HIN-STD01-GEN-B,ACTIVE,PENDING,2026-04-01,2027-03-31,principal.sharma,2026-04-01,Generated current academic history row.
HIST-00113,dps.stu.00113,2026-2027,GSEB,DPS,HIN,STD01,GEN,B,DPS-2026-GSEB-HIN-STD01-GEN-B,ACTIVE,PENDING,2026-04-01,2027-03-31,principal.sharma,2026-04-01,Generated current academic history row.
HIST-00114,dps.stu.00114,2026-2027,GSEB,DPS,HIN,STD01,GEN,B,DPS-2026-GSEB-HIN-STD01-GEN-B,ACTIVE,PENDING,2026-04-01,2027-03-31,principal.sharma,2026-04-01,Generated current academic history row.
HIST-00115,dps.stu.00115,2026-2027,GSEB,DPS,HIN,STD01,GEN,B,DPS-2026-GSEB-HIN-STD01-GEN-B,ACTIVE,PENDING,2026-04-01,2027-03-31,principal.sharma,2026-04-01,Generated current academic history row.
HIST-00116,dps.stu.00116,2026-2027,GSEB,DPS,HIN,STD01,GEN,B,DPS-2026-GSEB-HIN-STD01-GEN-B,ACTIVE,PENDING,2026-04-01,2027-03-31,principal.sharma,2026-04-01,Generated current academic history row.
HIST-00117,dps.stu.00117,2026-2027,GSEB,DPS,HIN,STD01,GEN,B,DPS-2026-GSEB-HIN-STD01-GEN-B,ACTIVE,PENDING,2026-04-01,2027-03-31,principal.sharma,2026-04-01,Generated current academic history row.
HIST-00118,dps.stu.00118,2026-2027,GSEB,DPS,HIN,STD01,GEN,B,DPS-2026-GSEB-HIN-STD01-GEN-B,ACTIVE,PENDING,2026-04-01,2027-03-31,principal.sharma,2026-04-01,Generated current academic history row.
HIST-00119,dps.stu.00119,2026-2027,GSEB,DPS,HIN,STD01,GEN,B,DPS-2026-GSEB-HIN-STD01-GEN-B,ACTIVE,PENDING,2026-04-01,2027-03-31,principal.sharma,2026-04-01,Generated current academic history row.
HIST-00120,dps.stu.00120,2026-2027,GSEB,DPS,HIN,STD01,GEN,B,DPS-2026-GSEB-HIN-STD01-GEN-B,ACTIVE,PENDING,2026-04-01,2027-03-31,principal.sharma,2026-04-01,Generated current academic history row.
HIST-00121,dps.stu.00121,2026-2027,GSEB,DPS,GUJ,STD01,GEN,C,DPS-2026-GSEB-GUJ-STD01-GEN-C,ACTIVE,PENDING,2026-04-01,2027-03-31,principal.sharma,2026-04-01,Generated current academic history row.
HIST-00122,dps.stu.00122,2026-2027,GSEB,DPS,GUJ,STD01,GEN,C,DPS-2026-GSEB-GUJ-STD01-GEN-C,ACTIVE,PENDING,2026-04-01,2027-03-31,principal.sharma,2026-04-01,Generated current academic history row.
HIST-00123,dps.stu.00123,2026-2027,GSEB,DPS,GUJ,STD01,GEN,C,DPS-2026-GSEB-GUJ-STD01-GEN-C,ACTIVE,PENDING,2026-04-01,2027-03-31,principal.sharma,2026-04-01,Generated current academic history row.
HIST-00124,dps.stu.00124,2026-2027,GSEB,DPS,GUJ,STD01,GEN,C,DPS-2026-GSEB-GUJ-STD01-GEN-C,ACTIVE,PENDING,2026-04-01,2027-03-31,principal.sharma,2026-04-01,Generated current academic history row.
HIST-00125,dps.stu.00125,2026-2027,GSEB,DPS,GUJ,STD01,GEN,C,DPS-2026-GSEB-GUJ-STD01-GEN-C,ACTIVE,PENDING,2026-04-01,2027-03-31,principal.sharma,2026-04-01,Generated current academic history row.
HIST-00126,dps.stu.00126,2026-2027,GSEB,DPS,GUJ,STD01,GEN,C,DPS-2026-GSEB-GUJ-STD01-GEN-C,ACTIVE,PENDING,2026-04-01,2027-03-31,principal.sharma,2026-04-01,Generated current academic history row.
HIST-00127,dps.stu.00127,2026-2027,GSEB,DPS,GUJ,STD01,GEN,C,DPS-2026-GSEB-GUJ-STD01-GEN-C,ACTIVE,PENDING,2026-04-01,2027-03-31,principal.sharma,2026-04-01,Generated current academic history row.
HIST-00128,dps.stu.00128,2026-2027,GSEB,DPS,GUJ,STD01,GEN,C,DPS-2026-GSEB-GUJ-STD01-GEN-C,ACTIVE,PENDING,2026-04-01,2027-03-31,principal.sharma,2026-04-01,Generated current academic history row.
HIST-00129,dps.stu.00129,2026-2027,GSEB,DPS,GUJ,STD01,GEN,C,DPS-2026-GSEB-GUJ-STD01-GEN-C,ACTIVE,PENDING,2026-04-01,2027-03-31,principal.sharma,2026-04-01,Generated current academic history row.
HIST-00130,dps.stu.00130,2026-2027,GSEB,DPS,GUJ,STD01,GEN,C,DPS-2026-GSEB-GUJ-STD01-GEN-C,ACTIVE,PENDING,2026-04-01,2027-03-31,principal.sharma,2026-04-01,Generated current academic history row.
HIST-00131,dps.stu.00131,2026-2027,GSEB,DPS,GUJ,STD01,GEN,C,DPS-2026-GSEB-GUJ-STD01-GEN-C,ACTIVE,PENDING,2026-04-01,2027-03-31,principal.sharma,2026-04-01,Generated current academic history row.
HIST-00132,dps.stu.00132,2026-2027,GSEB,DPS,GUJ,STD01,GEN,C,DPS-2026-GSEB-GUJ-STD01-GEN-C,ACTIVE,PENDING,2026-04-01,2027-03-31,principal.sharma,2026-04-01,Generated current academic history row.
HIST-00133,dps.stu.00133,2026-2027,GSEB,DPS,GUJ,STD01,GEN,C,DPS-2026-GSEB-GUJ-STD01-GEN-C,ACTIVE,PENDING,2026-04-01,2027-03-31,principal.sharma,2026-04-01,Generated current academic history row.
HIST-00134,dps.stu.00134,2026-2027,GSEB,DPS,GUJ,STD01,GEN,C,DPS-2026-GSEB-GUJ-STD01-GEN-C,ACTIVE,PENDING,2026-04-01,2027-03-31,principal.sharma,2026-04-01,Generated current academic history row.
HIST-00135,dps.stu.00135,2026-2027,GSEB,DPS,GUJ,STD01,GEN,C,DPS-2026-GSEB-GUJ-STD01-GEN-C,ACTIVE,PENDING,2026-04-01,2027-03-31,principal.sharma,2026-04-01,Generated current academic history row.
HIST-00136,dps.stu.00136,2026-2027,GSEB,DPS,GUJ,STD01,GEN,C,DPS-2026-GSEB-GUJ-STD01-GEN-C,ACTIVE,PENDING,2026-04-01,2027-03-31,principal.sharma,2026-04-01,Generated current academic history row.
HIST-00137,dps.stu.00137,2026-2027,GSEB,DPS,GUJ,STD01,GEN,C,DPS-2026-GSEB-GUJ-STD01-GEN-C,ACTIVE,PENDING,2026-04-01,2027-03-31,principal.sharma,2026-04-01,Generated current academic history row.
HIST-00138,dps.stu.00138,2026-2027,GSEB,DPS,GUJ,STD01,GEN,C,DPS-2026-GSEB-GUJ-STD01-GEN-C,ACTIVE,PENDING,2026-04-01,2027-03-31,principal.sharma,2026-04-01,Generated current academic history row.
HIST-00139,dps.stu.00139,2026-2027,GSEB,DPS,GUJ,STD01,GEN,C,DPS-2026-GSEB-GUJ-STD01-GEN-C,ACTIVE,PENDING,2026-04-01,2027-03-31,principal.sharma,2026-04-01,Generated current academic history row.
HIST-00140,dps.stu.00140,2026-2027,GSEB,DPS,GUJ,STD01,GEN,C,DPS-2026-GSEB-GUJ-STD01-GEN-C,ACTIVE,PENDING,2026-04-01,2027-03-31,principal.sharma,2026-04-01,Generated current academic history row.
HIST-00141,dps.stu.00141,2026-2027,GSEB,DPS,ENG,STD01,GEN,C,DPS-2026-GSEB-ENG-STD01-GEN-C,ACTIVE,PENDING,2026-04-01,2027-03-31,principal.sharma,2026-04-01,Generated current academic history row.
HIST-00142,dps.stu.00142,2026-2027,GSEB,DPS,ENG,STD01,GEN,C,DPS-2026-GSEB-ENG-STD01-GEN-C,ACTIVE,PENDING,2026-04-01,2027-03-31,principal.sharma,2026-04-01,Generated current academic history row.
HIST-00143,dps.stu.00143,2026-2027,GSEB,DPS,ENG,STD01,GEN,C,DPS-2026-GSEB-ENG-STD01-GEN-C,ACTIVE,PENDING,2026-04-01,2027-03-31,principal.sharma,2026-04-01,Generated current academic history row.
HIST-00144,dps.stu.00144,2026-2027,GSEB,DPS,ENG,STD01,GEN,C,DPS-2026-GSEB-ENG-STD01-GEN-C,ACTIVE,PENDING,2026-04-01,2027-03-31,principal.sharma,2026-04-01,Generated current academic history row.
HIST-00145,dps.stu.00145,2026-2027,GSEB,DPS,ENG,STD01,GEN,C,DPS-2026-GSEB-ENG-STD01-GEN-C,ACTIVE,PENDING,2026-04-01,2027-03-31,principal.sharma,2026-04-01,Generated current academic history row.
HIST-00146,dps.stu.00146,2026-2027,GSEB,DPS,ENG,STD01,GEN,C,DPS-2026-GSEB-ENG-STD01-GEN-C,ACTIVE,PENDING,2026-04-01,2027-03-31,principal.sharma,2026-04-01,Generated current academic history row.
HIST-00147,dps.stu.00147,2026-2027,GSEB,DPS,ENG,STD01,GEN,C,DPS-2026-GSEB-ENG-STD01-GEN-C,ACTIVE,PENDING,2026-04-01,2027-03-31,principal.sharma,2026-04-01,Generated current academic history row.
HIST-00148,dps.stu.00148,2026-2027,GSEB,DPS,ENG,STD01,GEN,C,DPS-2026-GSEB-ENG-STD01-GEN-C,ACTIVE,PENDING,2026-04-01,2027-03-31,principal.sharma,2026-04-01,Generated current academic history row.
HIST-00149,dps.stu.00149,2026-2027,GSEB,DPS,ENG,STD01,GEN,C,DPS-2026-GSEB-ENG-STD01-GEN-C,ACTIVE,PENDING,2026-04-01,2027-03-31,principal.sharma,2026-04-01,Generated current academic history row.
HIST-00150,dps.stu.00150,2026-2027,GSEB,DPS,ENG,STD01,GEN,C,DPS-2026-GSEB-ENG-STD01-GEN-C,ACTIVE,PENDING,2026-04-01,2027-03-31,principal.sharma,2026-04-01,Generated current academic history row.
HIST-00151,dps.stu.00151,2026-2027,GSEB,DPS,ENG,STD01,GEN,C,DPS-2026-GSEB-ENG-STD01-GEN-C,ACTIVE,PENDING,2026-04-01,2027-03-31,principal.sharma,2026-04-01,Generated current academic history row.
HIST-00152,dps.stu.00152,2026-2027,GSEB,DPS,ENG,STD01,GEN,C,DPS-2026-GSEB-ENG-STD01-GEN-C,ACTIVE,PENDING,2026-04-01,2027-03-31,principal.sharma,2026-04-01,Generated current academic history row.
HIST-00153,dps.stu.00153,2026-2027,GSEB,DPS,ENG,STD01,GEN,C,DPS-2026-GSEB-ENG-STD01-GEN-C,ACTIVE,PENDING,2026-04-01,2027-03-31,principal.sharma,2026-04-01,Generated current academic history row.
HIST-00154,dps.stu.00154,2026-2027,GSEB,DPS,ENG,STD01,GEN,C,DPS-2026-GSEB-ENG-STD01-GEN-C,ACTIVE,PENDING,2026-04-01,2027-03-31,principal.sharma,2026-04-01,Generated current academic history row.
HIST-00155,dps.stu.00155,2026-2027,GSEB,DPS,ENG,STD01,GEN,C,DPS-2026-GSEB-ENG-STD01-GEN-C,ACTIVE,PENDING,2026-04-01,2027-03-31,principal.sharma,2026-04-01,Generated current academic history row.
HIST-00156,dps.stu.00156,2026-2027,GSEB,DPS,ENG,STD01,GEN,C,DPS-2026-GSEB-ENG-STD01-GEN-C,ACTIVE,PENDING,2026-04-01,2027-03-31,principal.sharma,2026-04-01,Generated current academic history row.
HIST-00157,dps.stu.00157,2026-2027,GSEB,DPS,ENG,STD01,GEN,C,DPS-2026-GSEB-ENG-STD01-GEN-C,ACTIVE,PENDING,2026-04-01,2027-03-31,principal.sharma,2026-04-01,Generated current academic history row.
HIST-00158,dps.stu.00158,2026-2027,GSEB,DPS,ENG,STD01,GEN,C,DPS-2026-GSEB-ENG-STD01-GEN-C,ACTIVE,PENDING,2026-04-01,2027-03-31,principal.sharma,2026-04-01,Generated current academic history row.
HIST-00159,dps.stu.00159,2026-2027,GSEB,DPS,ENG,STD01,GEN,C,DPS-2026-GSEB-ENG-STD01-GEN-C,ACTIVE,PENDING,2026-04-01,2027-03-31,principal.sharma,2026-04-01,Generated current academic history row.
HIST-00160,dps.stu.00160,2026-2027,GSEB,DPS,ENG,STD01,GEN,C,DPS-2026-GSEB-ENG-STD01-GEN-C,ACTIVE,PENDING,2026-04-01,2027-03-31,principal.sharma,2026-04-01,Generated current academic history row.
HIST-00161,dps.stu.00161,2026-2027,GSEB,DPS,HIN,STD01,GEN,C,DPS-2026-GSEB-HIN-STD01-GEN-C,ACTIVE,PENDING,2026-04-01,2027-03-31,principal.sharma,2026-04-01,Generated current academic history row.
HIST-00162,dps.stu.00162,2026-2027,GSEB,DPS,HIN,STD01,GEN,C,DPS-2026-GSEB-HIN-STD01-GEN-C,ACTIVE,PENDING,2026-04-01,2027-03-31,principal.sharma,2026-04-01,Generated current academic history row.
HIST-00163,dps.stu.00163,2026-2027,GSEB,DPS,HIN,STD01,GEN,C,DPS-2026-GSEB-HIN-STD01-GEN-C,ACTIVE,PENDING,2026-04-01,2027-03-31,principal.sharma,2026-04-01,Generated current academic history row.
HIST-00164,dps.stu.00164,2026-2027,GSEB,DPS,HIN,STD01,GEN,C,DPS-2026-GSEB-HIN-STD01-GEN-C,ACTIVE,PENDING,2026-04-01,2027-03-31,principal.sharma,2026-04-01,Generated current academic history row.
HIST-00165,dps.stu.00165,2026-2027,GSEB,DPS,HIN,STD01,GEN,C,DPS-2026-GSEB-HIN-STD01-GEN-C,ACTIVE,PENDING,2026-04-01,2027-03-31,principal.sharma,2026-04-01,Generated current academic history row.
HIST-00166,dps.stu.00166,2026-2027,GSEB,DPS,HIN,STD01,GEN,C,DPS-2026-GSEB-HIN-STD01-GEN-C,ACTIVE,PENDING,2026-04-01,2027-03-31,principal.sharma,2026-04-01,Generated current academic history row.
HIST-00167,dps.stu.00167,2026-2027,GSEB,DPS,HIN,STD01,GEN,C,DPS-2026-GSEB-HIN-STD01-GEN-C,ACTIVE,PENDING,2026-04-01,2027-03-31,principal.sharma,2026-04-01,Generated current academic history row.
HIST-00168,dps.stu.00168,2026-2027,GSEB,DPS,HIN,STD01,GEN,C,DPS-2026-GSEB-HIN-STD01-GEN-C,ACTIVE,PENDING,2026-04-01,2027-03-31,principal.sharma,2026-04-01,Generated current academic history row.
HIST-00169,dps.stu.00169,2026-2027,GSEB,DPS,HIN,STD01,GEN,C,DPS-2026-GSEB-HIN-STD01-GEN-C,ACTIVE,PENDING,2026-04-01,2027-03-31,principal.sharma,2026-04-01,Generated current academic history row.
HIST-00170,dps.stu.00170,2026-2027,GSEB,DPS,HIN,STD01,GEN,C,DPS-2026-GSEB-HIN-STD01-GEN-C,ACTIVE,PENDING,2026-04-01,2027-03-31,principal.sharma,2026-04-01,Generated current academic history row.
HIST-00171,dps.stu.00171,2026-2027,GSEB,DPS,HIN,STD01,GEN,C,DPS-2026-GSEB-HIN-STD01-GEN-C,ACTIVE,PENDING,2026-04-01,2027-03-31,principal.sharma,2026-04-01,Generated current academic history row.
HIST-00172,dps.stu.00172,2026-2027,GSEB,DPS,HIN,STD01,GEN,C,DPS-2026-GSEB-HIN-STD01-GEN-C,ACTIVE,PENDING,2026-04-01,2027-03-31,principal.sharma,2026-04-01,Generated current academic history row.
HIST-00173,dps.stu.00173,2026-2027,GSEB,DPS,HIN,STD01,GEN,C,DPS-2026-GSEB-HIN-STD01-GEN-C,ACTIVE,PENDING,2026-04-01,2027-03-31,principal.sharma,2026-04-01,Generated current academic history row.
HIST-00174,dps.stu.00174,2026-2027,GSEB,DPS,HIN,STD01,GEN,C,DPS-2026-GSEB-HIN-STD01-GEN-C,ACTIVE,PENDING,2026-04-01,2027-03-31,principal.sharma,2026-04-01,Generated current academic history row.
HIST-00175,dps.stu.00175,2026-2027,GSEB,DPS,HIN,STD01,GEN,C,DPS-2026-GSEB-HIN-STD01-GEN-C,ACTIVE,PENDING,2026-04-01,2027-03-31,principal.sharma,2026-04-01,Generated current academic history row.
HIST-00176,dps.stu.00176,2026-2027,GSEB,DPS,HIN,STD01,GEN,C,DPS-2026-GSEB-HIN-STD01-GEN-C,ACTIVE,PENDING,2026-04-01,2027-03-31,principal.sharma,2026-04-01,Generated current academic history row.
HIST-00177,dps.stu.00177,2026-2027,GSEB,DPS,HIN,STD01,GEN,C,DPS-2026-GSEB-HIN-STD01-GEN-C,ACTIVE,PENDING,2026-04-01,2027-03-31,principal.sharma,2026-04-01,Generated current academic history row.
HIST-00178,dps.stu.00178,2026-2027,GSEB,DPS,HIN,STD01,GEN,C,DPS-2026-GSEB-HIN-STD01-GEN-C,ACTIVE,PENDING,2026-04-01,2027-03-31,principal.sharma,2026-04-01,Generated current academic history row.
HIST-00179,dps.stu.00179,2026-2027,GSEB,DPS,HIN,STD01,GEN,C,DPS-2026-GSEB-HIN-STD01-GEN-C,ACTIVE,PENDING,2026-04-01,2027-03-31,principal.sharma,2026-04-01,Generated current academic history row.
HIST-00180,dps.stu.00180,2026-2027,GSEB,DPS,HIN,STD01,GEN,C,DPS-2026-GSEB-HIN-STD01-GEN-C,ACTIVE,PENDING,2026-04-01,2027-03-31,principal.sharma,2026-04-01,Generated current academic history row.
HIST-00181,dps.stu.00181,2026-2027,GSEB,DPS,GUJ,STD01,GEN,D,DPS-2026-GSEB-GUJ-STD01-GEN-D,ACTIVE,PENDING,2026-04-01,2027-03-31,principal.sharma,2026-04-01,Generated current academic history row.
HIST-00182,dps.stu.00182,2026-2027,GSEB,DPS,GUJ,STD01,GEN,D,DPS-2026-GSEB-GUJ-STD01-GEN-D,ACTIVE,PENDING,2026-04-01,2027-03-31,principal.sharma,2026-04-01,Generated current academic history row.
HIST-00183,dps.stu.00183,2026-2027,GSEB,DPS,GUJ,STD01,GEN,D,DPS-2026-GSEB-GUJ-STD01-GEN-D,ACTIVE,PENDING,2026-04-01,2027-03-31,principal.sharma,2026-04-01,Generated current academic history row.
HIST-00184,dps.stu.00184,2026-2027,GSEB,DPS,GUJ,STD01,GEN,D,DPS-2026-GSEB-GUJ-STD01-GEN-D,ACTIVE,PENDING,2026-04-01,2027-03-31,principal.sharma,2026-04-01,Generated current academic history row.
HIST-00185,dps.stu.00185,2026-2027,GSEB,DPS,GUJ,STD01,GEN,D,DPS-2026-GSEB-GUJ-STD01-GEN-D,ACTIVE,PENDING,2026-04-01,2027-03-31,principal.sharma,2026-04-01,Generated current academic history row.
HIST-00186,dps.stu.00186,2026-2027,GSEB,DPS,GUJ,STD01,GEN,D,DPS-2026-GSEB-GUJ-STD01-GEN-D,ACTIVE,PENDING,2026-04-01,2027-03-31,principal.sharma,2026-04-01,Generated current academic history row.
HIST-00187,dps.stu.00187,2026-2027,GSEB,DPS,GUJ,STD01,GEN,D,DPS-2026-GSEB-GUJ-STD01-GEN-D,ACTIVE,PENDING,2026-04-01,2027-03-31,principal.sharma,2026-04-01,Generated current academic history row.
HIST-00188,dps.stu.00188,2026-2027,GSEB,DPS,GUJ,STD01,GEN,D,DPS-2026-GSEB-GUJ-STD01-GEN-D,ACTIVE,PENDING,2026-04-01,2027-03-31,principal.sharma,2026-04-01,Generated current academic history row.
HIST-00189,dps.stu.00189,2026-2027,GSEB,DPS,GUJ,STD01,GEN,D,DPS-2026-GSEB-GUJ-STD01-GEN-D,ACTIVE,PENDING,2026-04-01,2027-03-31,principal.sharma,2026-04-01,Generated current academic history row.
HIST-00190,dps.stu.00190,2026-2027,GSEB,DPS,GUJ,STD01,GEN,D,DPS-2026-GSEB-GUJ-STD01-GEN-D,ACTIVE,PENDING,2026-04-01,2027-03-31,principal.sharma,2026-04-01,Generated current academic history row.
HIST-00191,dps.stu.00191,2026-2027,GSEB,DPS,GUJ,STD01,GEN,D,DPS-2026-GSEB-GUJ-STD01-GEN-D,ACTIVE,PENDING,2026-04-01,2027-03-31,principal.sharma,2026-04-01,Generated current academic history row.
HIST-00192,dps.stu.00192,2026-2027,GSEB,DPS,GUJ,STD01,GEN,D,DPS-2026-GSEB-GUJ-STD01-GEN-D,ACTIVE,PENDING,2026-04-01,2027-03-31,principal.sharma,2026-04-01,Generated current academic history row.
HIST-00193,dps.stu.00193,2026-2027,GSEB,DPS,GUJ,STD01,GEN,D,DPS-2026-GSEB-GUJ-STD01-GEN-D,ACTIVE,PENDING,2026-04-01,2027-03-31,principal.sharma,2026-04-01,Generated current academic history row.
HIST-00194,dps.stu.00194,2026-2027,GSEB,DPS,GUJ,STD01,GEN,D,DPS-2026-GSEB-GUJ-STD01-GEN-D,ACTIVE,PENDING,2026-04-01,2027-03-31,principal.sharma,2026-04-01,Generated current academic history row.
HIST-00195,dps.stu.00195,2026-2027,GSEB,DPS,GUJ,STD01,GEN,D,DPS-2026-GSEB-GUJ-STD01-GEN-D,ACTIVE,PENDING,2026-04-01,2027-03-31,principal.sharma,2026-04-01,Generated current academic history row.
HIST-00196,dps.stu.00196,2026-2027,GSEB,DPS,GUJ,STD01,GEN,D,DPS-2026-GSEB-GUJ-STD01-GEN-D,ACTIVE,PENDING,2026-04-01,2027-03-31,principal.sharma,2026-04-01,Generated current academic history row.
HIST-00197,dps.stu.00197,2026-2027,GSEB,DPS,GUJ,STD01,GEN,D,DPS-2026-GSEB-GUJ-STD01-GEN-D,ACTIVE,PENDING,2026-04-01,2027-03-31,principal.sharma,2026-04-01,Generated current academic history row.
HIST-00198,dps.stu.00198,2026-2027,GSEB,DPS,GUJ,STD01,GEN,D,DPS-2026-GSEB-GUJ-STD01-GEN-D,ACTIVE,PENDING,2026-04-01,2027-03-31,principal.sharma,2026-04-01,Generated current academic history row.
HIST-00199,dps.stu.00199,2026-2027,GSEB,DPS,GUJ,STD01,GEN,D,DPS-2026-GSEB-GUJ-STD01-GEN-D,ACTIVE,PENDING,2026-04-01,2027-03-31,principal.sharma,2026-04-01,Generated current academic history row.
HIST-00200,dps.stu.00200,2026-2027,GSEB,DPS,GUJ,STD01,GEN,D,DPS-2026-GSEB-GUJ-STD01-GEN-D,ACTIVE,PENDING,2026-04-01,2027-03-31,principal.sharma,2026-04-01,Generated current academic history row.
