shortname,name,category,datatype,required,locked,visible,forceunique,signup,defaultdata,options,sensitive,recommended_visibility,notes
admission_no,Admission Number,Student Academic,text,0,1,0,1,0,,,0,user_and_admin,
roll_no,Roll Number,Student Academic,text,0,1,0,0,0,,,0,user_and_admin,
student_gr_no,General Register Number,Student Academic,text,0,1,0,1,0,,,0,user_and_admin,
birth_date,Date of Birth,Student Personal,datetime,0,1,0,0,0,,,1,admin_only,
gender,Gender,Student Personal,menu,0,1,0,0,0,,Male|Female|Other|Prefer not to say,1,admin_only,
blood_group,Blood Group,Student Health,menu,0,1,0,0,0,,A+|A-|B+|B-|AB+|AB-|O+|O-|Unknown,1,admin_only,
religion,Religion,Student Personal,text,0,1,0,0,0,,,1,admin_only,
category,Social Category,Student Personal,menu,0,1,0,0,0,,General|SC|ST|OBC|SEBC|EWS|Other|Not provided,1,admin_only,
caste,Caste / Community,Student Personal,text,0,1,0,0,0,,,1,admin_only,
nationality,Nationality,Student Personal,text,0,1,0,0,0,Indian,,0,user_and_admin,
mother_tongue,Mother Tongue,Student Personal,text,0,1,0,0,0,,,0,user_and_admin,
admission_date,Admission Date,Student Academic,datetime,0,1,0,0,0,,,0,user_and_admin,
apaar_id,APAAR ID,Government IDs,text,0,1,0,0,0,,,1,admin_only,Store only when available and with required consent/process.
udise_student_code,UDISE Student Code,Government IDs,text,0,1,0,0,0,,,1,admin_only,
saral_id,SARAL / State Student ID,Government IDs,text,0,1,0,0,0,,,1,admin_only,
aadhaar_last4,Aadhaar Last 4 Digits,Government IDs,text,0,1,0,0,0,,,1,admin_only,Do not store full Aadhaar number in Moodle baseline.
aadhaar_masked,Masked Aadhaar,Government IDs,text,0,1,0,0,0,,,1,admin_only,Example xxxx-xxxx-1234 only; no full number.
aadhaar_consent,Aadhaar Consent Status,Government IDs,menu,0,1,0,0,0,,Not requested|Provided|Refused|Not available|Not applicable,1,admin_only,
aadhaar_vault_ref,External Aadhaar Vault Reference,Government IDs,text,0,1,0,0,0,,,1,admin_only,Use only if a legally compliant external secure store is used.
house,School House,Student Academic,menu,0,1,0,0,0,,Red|Blue|Green|Yellow|Not assigned,0,user_and_admin,
transport_required,Transport Required,Transport,checkbox,0,1,0,0,0,,,0,user_and_admin,
bus_route,Bus Route,Transport,text,0,1,0,0,0,,,0,user_and_admin,
pickup_point,Pickup Point,Transport,text,0,1,0,0,0,,,0,user_and_admin,
rte_category,RTE Category,Student Personal,checkbox,0,1,0,0,0,,,1,admin_only,
bpl,BPL / Economically Weaker Section,Student Personal,checkbox,0,1,0,0,0,,,1,admin_only,
disability_status,Disability Status,Student Health,menu,0,1,0,0,0,,None|Visual|Hearing|Locomotor|Learning|Multiple|Other|Not provided,1,admin_only,
medical_conditions,Medical Conditions,Student Health,text,0,1,0,0,0,,,1,admin_only,
allergies,Allergies,Student Health,text,0,1,0,0,0,,,1,admin_only,
doctor_name,Family Doctor Name,Student Health,text,0,1,0,0,0,,,1,admin_only,
doctor_phone,Family Doctor Phone,Student Health,text,0,1,0,0,0,,,1,admin_only,
sibling_admission_no,Sibling Admission Number,Student Family,text,0,1,0,0,0,,,0,user_and_admin,
current_address_line1,Current Address Line 1,Address,text,0,1,0,0,0,,,1,admin_only,
current_address_line2,Current Address Line 2,Address,text,0,1,0,0,0,,,1,admin_only,
current_city,Current City,Address,text,0,1,0,0,0,,,0,user_and_admin,
current_taluka,Current Taluka,Address,text,0,1,0,0,0,,,0,user_and_admin,
current_district,Current District,Address,text,0,1,0,0,0,,,0,user_and_admin,
current_state,Current State,Address,text,0,1,0,0,0,,,0,user_and_admin,
current_pincode,Current PIN Code,Address,text,0,1,0,0,0,,,0,user_and_admin,
permanent_address_line1,Permanent Address Line 1,Address,text,0,1,0,0,0,,,1,admin_only,
permanent_address_line2,Permanent Address Line 2,Address,text,0,1,0,0,0,,,1,admin_only,
permanent_city,Permanent City,Address,text,0,1,0,0,0,,,0,user_and_admin,
permanent_taluka,Permanent Taluka,Address,text,0,1,0,0,0,,,0,user_and_admin,
permanent_district,Permanent District,Address,text,0,1,0,0,0,,,0,user_and_admin,
permanent_state,Permanent State,Address,text,0,1,0,0,0,,,0,user_and_admin,
permanent_pincode,Permanent PIN Code,Address,text,0,1,0,0,0,,,0,user_and_admin,
permanent_address_same,Permanent Address Same as Current,Address,checkbox,0,1,0,0,0,,,0,user_and_admin,
father_name,Father Name,Parent Details,text,0,1,0,0,0,,,1,admin_only,
father_mobile,Father Mobile,Parent Details,text,0,1,0,0,0,,,1,admin_only,
father_email,Father Email,Parent Details,text,0,1,0,0,0,,,1,admin_only,
father_occupation,Father Occupation,Parent Details,text,0,1,0,0,0,,,1,admin_only,
father_qualification,Father Qualification,Parent Details,text,0,1,0,0,0,,,1,admin_only,
mother_name,Mother Name,Parent Details,text,0,1,0,0,0,,,1,admin_only,
mother_mobile,Mother Mobile,Parent Details,text,0,1,0,0,0,,,1,admin_only,
mother_email,Mother Email,Parent Details,text,0,1,0,0,0,,,1,admin_only,
mother_occupation,Mother Occupation,Parent Details,text,0,1,0,0,0,,,1,admin_only,
mother_qualification,Mother Qualification,Parent Details,text,0,1,0,0,0,,,1,admin_only,
guardian_name,Guardian Name,Parent Details,text,0,1,0,0,0,,,1,admin_only,
guardian_mobile,Guardian Mobile,Parent Details,text,0,1,0,0,0,,,1,admin_only,
guardian_email,Guardian Email,Parent Details,text,0,1,0,0,0,,,1,admin_only,
guardian_occupation,Guardian Occupation,Parent Details,text,0,1,0,0,0,,,1,admin_only,
guardian_qualification,Guardian Qualification,Parent Details,text,0,1,0,0,0,,,1,admin_only,
emergency_contact_name,Emergency Contact Name,Emergency Contact,text,0,1,0,0,0,,,1,admin_only,
emergency_contact_relation,Emergency Contact Relation,Emergency Contact,text,0,1,0,0,0,,,1,admin_only,
emergency_contact_mobile,Emergency Contact Mobile,Emergency Contact,text,0,1,0,0,0,,,1,admin_only,
emergency_contact_alt_mobile,Emergency Contact Alternate Mobile,Emergency Contact,text,0,1,0,0,0,,,1,admin_only,
employee_code,Employee Code,Staff Details,text,0,1,0,1,0,,,0,user_and_admin,
staff_designation,Staff Designation,Staff Details,text,0,1,0,0,0,,,0,user_and_admin,
staff_department,Staff Department,Staff Details,text,0,1,0,0,0,,,0,user_and_admin,
staff_joining_date,Staff Joining Date,Staff Details,datetime,0,1,0,0,0,,,0,user_and_admin,
staff_qualification,Staff Qualification,Staff Details,text,0,1,0,0,0,,,0,user_and_admin,
staff_type,Staff Type,Staff Details,menu,0,1,0,0,0,,Trustee|Principal|Teacher|Admin|Other,0,user_and_admin,
parent_type,Parent Type,Parent Account,menu,0,1,0,0,0,,Father|Mother|Guardian|Other,0,user_and_admin,
parent_occupation,Parent Occupation,Parent Account,text,0,1,0,0,0,,,1,admin_only,
parent_qualification,Parent Qualification,Parent Account,text,0,1,0,0,0,,,1,admin_only,
parent_annual_income,Parent Annual Income Range,Parent Account,menu,0,1,0,0,0,,Not provided|Below 1 lakh|1-3 lakh|3-5 lakh|5-10 lakh|Above 10 lakh,1,admin_only,
preferred_language,Preferred Communication Language,Communication,menu,0,1,0,0,0,,Gujarati|English|Hindi|Marathi|Urdu|Other,0,user_and_admin,
consent_student_data,Consent for Student Data Access,Consent,checkbox,0,1,0,0,0,,,1,admin_only,
current_academic_year,Current Academic Year,Student Academic Year,text,0,1,0,0,0,2026-2027,,0,admin_only,Current academic year used for promotion/rollover reporting.
current_board_code,Current Board Code,Student Academic Year,text,0,1,0,0,0,,,0,admin_only,"Current board code, for example GSEB or CBSE."
current_school_code,Current School Code,Student Academic Year,text,0,1,0,0,0,GVS,,0,admin_only,Current school code.
current_medium_code,Current Medium Code,Student Academic Year,text,0,1,0,0,0,,,0,admin_only,"Current medium code, for example GUJ or ENG."
current_grade_code,Current Grade Code,Student Academic Year,text,0,1,0,0,0,,,0,admin_only,"Current grade/program code such as PRE01, STD05, STD11_SCI, UNI_UG_CSE_Y1 or LMS_CERT_DATA."
current_stream_code,Current Stream Code,Student Academic Year,text,0,1,0,0,0,GEN,,0,admin_only,"Current stream code such as GEN, SCI, COM, ART, ENG or CSA."
current_division_code,Current Division Code,Student Academic Year,text,0,1,0,0,0,,,0,admin_only,Current school division such as A or B.
student_status,Student Status,Student Academic Year,menu,0,1,0,0,0,Active,Active|Promoted|Retained|Transferred|Alumni|Left|Suspended,0,admin_only,Current lifecycle status for academic-year rollover.
previous_academic_year,Previous Academic Year,Student Academic Year,text,0,1,0,0,0,,,0,admin_only,Previous academic year before latest promotion.
previous_grade_code,Previous Grade Code,Student Academic Year,text,0,1,0,0,0,,,0,admin_only,Previous grade code before latest promotion.
previous_stream_code,Previous Stream Code,Student Academic Year,text,0,1,0,0,0,,,0,admin_only,Previous stream code before latest promotion.
previous_division_code,Previous Division Code,Student Academic Year,text,0,1,0,0,0,,,0,admin_only,Previous division code before latest promotion.
last_promotion_date,Last Promotion Date,Student Academic Year,datetime,0,1,0,0,0,,,0,admin_only,Date on which student was last promoted or status changed.
last_promotion_result,Last Promotion Result,Student Academic Year,text,0,1,0,0,0,,,0,admin_only,"Latest promotion action result, for example promoted, retained, alumni."
